time,open,high,low,close
2026-06-28 22:00:00+00:00,4089.8,4092.4,4083.8,4083.8
2026-06-28 22:15:00+00:00,4084.1,4084.3,4067.1,4071.3
2026-06-28 22:30:00+00:00,4070.9,4079.6,4069.6,4077.7
2026-06-28 22:45:00+00:00,4077.5,4083.5,4076.2,4080.8
2026-06-28 23:00:00+00:00,4080.2,4084.8,4079.5,4079.9
2026-06-28 23:15:00+00:00,4079.4,4079.4,4069.2,4071.2
2026-06-28 23:30:00+00:00,4069.9,4077.2,4065.9,4077.2
2026-06-28 23:45:00+00:00,4077.1,4080.4,4075.3,4076.7
2026-06-29 00:00:00+00:00,4076.3,4079.0,4068.1,4073.5
2026-06-29 00:15:00+00:00,4073.2,4076.6,4062.6,4062.6
2026-06-29 00:30:00+00:00,4062.8,4083.8,4062.8,4083.3
2026-06-29 00:45:00+00:00,4083.5,4088.7,4077.1,4083.9
2026-06-29 01:00:00+00:00,4083.7,4088.6,4068.0,4069.5
2026-06-29 01:15:00+00:00,4069.2,4080.6,4069.1,4074.3
2026-06-29 01:30:00+00:00,4073.3,4081.0,4070.1,4077.5
2026-06-29 01:45:00+00:00,4078.4,4078.4,4069.2,4075.8
2026-06-29 02:00:00+00:00,4075.4,4085.5,4073.7,4076.0
2026-06-29 02:15:00+00:00,4075.6,4085.3,4074.9,4083.3
2026-06-29 02:30:00+00:00,4083.4,4086.5,4073.2,4074.7
2026-06-29 02:45:00+00:00,4075.5,4084.3,4073.6,4080.8
2026-06-29 03:00:00+00:00,4081.1,4085.3,4079.9,4083.8
2026-06-29 03:15:00+00:00,4083.5,4090.4,4082.3,4087.0
2026-06-29 03:30:00+00:00,4087.4,4088.5,4080.0,4082.5
2026-06-29 03:45:00+00:00,4081.4,4086.0,4081.0,4083.2
2026-06-29 04:00:00+00:00,4082.8,4083.2,4078.5,4079.6
2026-06-29 04:15:00+00:00,4079.6,4080.8,4076.5,4079.7
2026-06-29 04:30:00+00:00,4079.6,4079.7,4066.9,4071.4
2026-06-29 04:45:00+00:00,4071.4,4072.0,4063.5,4065.7
2026-06-29 05:00:00+00:00,4065.5,4071.7,4061.1,4069.9
2026-06-29 05:15:00+00:00,4069.8,4071.3,4061.9,4063.7
2026-06-29 05:30:00+00:00,4063.5,4066.0,4053.8,4064.6
2026-06-29 05:45:00+00:00,4065.3,4071.4,4061.2,4069.0
2026-06-29 06:00:00+00:00,4068.6,4078.5,4068.1,4073.9
2026-06-29 06:15:00+00:00,4073.7,4077.8,4070.6,4075.5
2026-06-29 06:30:00+00:00,4075.4,4076.5,4069.6,4076.0
2026-06-29 06:45:00+00:00,4076.1,4079.6,4074.6,4077.0
2026-06-29 07:00:00+00:00,4077.5,4077.6,4070.7,4073.6
2026-06-29 07:15:00+00:00,4074.0,4081.1,4072.9,4080.6
2026-06-29 07:30:00+00:00,4080.9,4080.9,4075.7,4077.1
2026-06-29 07:45:00+00:00,4077.0,4083.2,4075.4,4076.3
2026-06-29 08:00:00+00:00,4075.7,4080.6,4074.9,4078.5
2026-06-29 08:15:00+00:00,4078.4,4080.0,4074.4,4075.5
2026-06-29 08:30:00+00:00,4075.3,4081.0,4068.8,4069.9
2026-06-29 08:45:00+00:00,4069.6,4071.5,4057.5,4060.9
2026-06-29 09:00:00+00:00,4061.3,4069.4,4059.2,4064.5
2026-06-29 09:15:00+00:00,4063.7,4067.5,4059.3,4061.2
2026-06-29 09:30:00+00:00,4061.6,4064.7,4054.4,4057.6
2026-06-29 09:45:00+00:00,4057.5,4058.3,4038.1,4045.8
2026-06-29 10:00:00+00:00,4046.5,4053.9,4041.5,4053.2
2026-06-29 10:15:00+00:00,4052.4,4053.1,4047.1,4051.4
2026-06-29 10:30:00+00:00,4051.8,4053.0,4045.9,4049.2
2026-06-29 10:45:00+00:00,4048.8,4052.7,4046.8,4051.1
2026-06-29 11:00:00+00:00,4051.7,4053.0,4046.9,4049.0
2026-06-29 11:15:00+00:00,4049.0,4050.5,4041.5,4046.2
2026-06-29 11:30:00+00:00,4046.4,4052.9,4044.1,4049.2
2026-06-29 11:45:00+00:00,4049.8,4056.7,4049.1,4053.3
2026-06-29 12:00:00+00:00,4053.5,4067.0,4052.5,4061.8
2026-06-29 12:15:00+00:00,4062.2,4064.2,4051.8,4052.5
2026-06-29 12:30:00+00:00,4052.6,4061.5,4051.8,4058.9
2026-06-29 12:45:00+00:00,4059.0,4062.3,4056.4,4057.8
2026-06-29 13:00:00+00:00,4057.8,4066.2,4057.7,4061.4
2026-06-29 13:15:00+00:00,4061.4,4064.0,4052.0,4052.0
2026-06-29 13:30:00+00:00,4052.3,4058.8,4048.1,4052.6
2026-06-29 13:45:00+00:00,4052.4,4054.5,4042.2,4046.4
2026-06-29 14:00:00+00:00,4046.6,4049.6,4021.6,4022.8
2026-06-29 14:15:00+00:00,4022.3,4042.6,4012.0,4038.9
2026-06-29 14:30:00+00:00,4038.8,4042.4,4034.1,4034.9
2026-06-29 14:45:00+00:00,4035.3,4044.7,4031.9,4039.5
2026-06-29 15:00:00+00:00,4039.9,4040.3,4033.1,4035.4
2026-06-29 15:15:00+00:00,4035.7,4041.7,4030.5,4038.4
2026-06-29 15:30:00+00:00,4038.6,4040.9,4031.5,4037.2
2026-06-29 15:45:00+00:00,4037.0,4045.0,4036.4,4041.5
2026-06-29 16:00:00+00:00,4041.5,4043.3,4037.9,4038.4
2026-06-29 16:15:00+00:00,4038.2,4041.2,4036.3,4038.2
2026-06-29 16:30:00+00:00,4038.3,4039.0,4033.0,4035.7
2026-06-29 16:45:00+00:00,4035.6,4042.5,4035.3,4038.4
2026-06-29 17:00:00+00:00,4038.5,4046.7,4037.8,4043.6
2026-06-29 17:15:00+00:00,4043.4,4045.3,4036.9,4038.3
2026-06-29 17:30:00+00:00,4038.5,4038.9,4035.2,4036.3
2026-06-29 17:45:00+00:00,4036.7,4037.1,4033.8,4035.3
2026-06-29 18:00:00+00:00,4035.7,4039.1,4035.0,4038.7
2026-06-29 18:15:00+00:00,4038.5,4040.0,4034.8,4035.7
2026-06-29 18:30:00+00:00,4035.7,4036.1,4033.9,4035.3
2026-06-29 18:45:00+00:00,4035.4,4035.6,4026.1,4027.8
2026-06-29 19:00:00+00:00,4027.7,4029.1,4022.2,4022.3
2026-06-29 19:15:00+00:00,4022.2,4031.5,4019.2,4031.5
2026-06-29 19:30:00+00:00,4031.5,4034.4,4030.9,4032.5
2026-06-29 19:45:00+00:00,4032.6,4033.0,4027.1,4030.4
2026-06-29 20:00:00+00:00,4030.6,4030.6,4027.2,4028.8
2026-06-29 20:15:00+00:00,4029.0,4032.5,4029.0,4032.5
2026-06-29 20:30:00+00:00,4032.5,4032.5,4029.2,4030.2
2026-06-29 20:45:00+00:00,4030.0,4031.9,4029.0,4030.5
2026-06-29 22:00:00+00:00,4032.5,4036.5,4030.7,4032.0
2026-06-29 22:15:00+00:00,4032.8,4034.8,4029.5,4029.9
2026-06-29 22:30:00+00:00,4029.8,4029.8,4024.3,4024.3
2026-06-29 22:45:00+00:00,4024.2,4031.3,4023.5,4028.4
2026-06-29 23:00:00+00:00,4029.0,4035.6,4028.2,4035.1
2026-06-29 23:15:00+00:00,4034.8,4036.7,4030.0,4031.1
2026-06-29 23:30:00+00:00,4030.6,4035.6,4027.4,4029.2
2026-06-29 23:45:00+00:00,4029.0,4032.1,4027.6,4029.4
2026-06-30 00:00:00+00:00,4028.6,4028.9,4017.1,4024.7
2026-06-30 00:15:00+00:00,4024.0,4025.2,4017.7,4019.6
2026-06-30 00:30:00+00:00,4020.4,4020.4,4004.2,4005.0
2026-06-30 00:45:00+00:00,4005.6,4007.6,3992.6,4001.3
2026-06-30 01:00:00+00:00,4000.5,4000.8,3955.4,3971.7
2026-06-30 01:15:00+00:00,3971.6,3994.2,3963.6,3992.1
2026-06-30 01:30:00+00:00,3992.1,3993.1,3979.4,3982.5
2026-06-30 01:45:00+00:00,3981.8,3986.9,3974.5,3982.7
2026-06-30 02:00:00+00:00,3982.4,3986.8,3965.5,3971.0
2026-06-30 02:15:00+00:00,3971.3,3979.0,3969.3,3975.5
2026-06-30 02:30:00+00:00,3975.0,3977.0,3967.4,3972.6
2026-06-30 02:45:00+00:00,3973.0,3983.8,3972.5,3975.8
2026-06-30 03:00:00+00:00,3976.1,3982.9,3976.0,3979.8
2026-06-30 03:15:00+00:00,3979.3,3984.2,3976.2,3979.1
2026-06-30 03:30:00+00:00,3979.1,3980.0,3973.1,3976.4
2026-06-30 03:45:00+00:00,3977.1,3984.0,3977.0,3983.8
2026-06-30 04:00:00+00:00,3982.5,3988.1,3981.3,3985.8
2026-06-30 04:15:00+00:00,3986.0,3997.1,3985.2,3995.8
2026-06-30 04:30:00+00:00,3995.8,4011.6,3995.8,4002.2
2026-06-30 04:45:00+00:00,4002.2,4005.0,3997.2,3999.2
2026-06-30 05:00:00+00:00,3999.7,4004.3,3997.8,3998.8
2026-06-30 05:15:00+00:00,3998.7,4001.3,3992.9,3996.2
2026-06-30 05:30:00+00:00,3996.3,3998.6,3988.6,3992.5
2026-06-30 05:45:00+00:00,3992.7,3995.3,3989.8,3991.1
2026-06-30 06:00:00+00:00,3991.5,4003.4,3991.5,4001.2
2026-06-30 06:15:00+00:00,4000.9,4027.1,3997.4,4025.5
2026-06-30 06:30:00+00:00,4025.3,4047.8,4024.2,4039.1
2026-06-30 06:45:00+00:00,4038.3,4047.5,4037.1,4043.5
2026-06-30 07:00:00+00:00,4043.7,4044.0,4037.5,4039.3
2026-06-30 07:15:00+00:00,4040.0,4048.7,4039.4,4042.3
2026-06-30 07:30:00+00:00,4042.7,4046.3,4040.1,4042.8
2026-06-30 07:45:00+00:00,4042.6,4047.2,4039.6,4046.3
2026-06-30 08:00:00+00:00,4046.4,4051.8,4035.4,4038.0
2026-06-30 08:15:00+00:00,4038.2,4040.4,4033.9,4039.9
2026-06-30 08:30:00+00:00,4040.0,4040.7,4029.2,4031.6
2026-06-30 08:45:00+00:00,4031.7,4033.7,4027.2,4029.0
2026-06-30 09:00:00+00:00,4029.0,4035.7,4028.3,4032.4
2026-06-30 09:15:00+00:00,4032.2,4037.0,4029.7,4031.2
2026-06-30 09:30:00+00:00,4031.5,4032.7,4025.9,4032.6
2026-06-30 09:45:00+00:00,4032.7,4038.0,4032.3,4038.0
2026-06-30 10:00:00+00:00,4038.1,4040.7,4035.5,4039.8
2026-06-30 10:15:00+00:00,4040.1,4042.4,4038.1,4042.4
2026-06-30 10:30:00+00:00,4042.0,4044.0,4039.1,4041.7
2026-06-30 10:45:00+00:00,4042.1,4045.5,4040.1,4043.9
2026-06-30 11:00:00+00:00,4043.9,4048.0,4039.3,4047.6
2026-06-30 11:15:00+00:00,4047.8,4048.8,4043.8,4046.2
2026-06-30 11:30:00+00:00,4046.0,4049.4,4042.1,4049.1
2026-06-30 11:45:00+00:00,4048.8,4051.4,4043.4,4047.5
2026-06-30 12:00:00+00:00,4048.0,4048.2,4039.9,4040.1
2026-06-30 12:15:00+00:00,4040.2,4042.3,4028.7,4030.8
2026-06-30 12:30:00+00:00,4030.8,4035.7,4026.2,4032.4
2026-06-30 12:45:00+00:00,4032.1,4032.1,4022.1,4023.9
2026-06-30 13:00:00+00:00,4023.7,4039.7,4022.9,4037.4
2026-06-30 13:15:00+00:00,4037.6,4047.5,4033.0,4038.2
2026-06-30 13:30:00+00:00,4038.0,4041.7,4027.2,4039.3
2026-06-30 13:45:00+00:00,4039.5,4047.0,4036.5,4043.9
2026-06-30 14:00:00+00:00,4044.4,4064.7,4039.5,4058.0
2026-06-30 14:15:00+00:00,4057.9,4078.1,4057.7,4068.8
2026-06-30 14:30:00+00:00,4069.0,4073.3,4059.2,4065.4
2026-06-30 14:45:00+00:00,4065.8,4065.8,4051.8,4052.0
2026-06-30 15:00:00+00:00,4052.1,4054.3,4046.6,4050.6
2026-06-30 15:15:00+00:00,4050.4,4050.4,4036.4,4042.7
2026-06-30 15:30:00+00:00,4043.2,4045.6,4040.7,4043.7
2026-06-30 15:45:00+00:00,4043.5,4049.3,4043.2,4044.2
2026-06-30 16:00:00+00:00,4043.8,4045.0,4040.1,4044.5
2026-06-30 16:15:00+00:00,4044.6,4046.1,4042.3,4044.5
2026-06-30 16:30:00+00:00,4044.0,4046.8,4041.9,4045.8
2026-06-30 16:45:00+00:00,4045.7,4048.5,4040.3,4040.3
2026-06-30 17:00:00+00:00,4040.8,4042.5,4034.9,4037.6
2026-06-30 17:15:00+00:00,4037.5,4042.8,4036.1,4040.0
2026-06-30 17:30:00+00:00,4040.1,4044.6,4039.8,4044.0
2026-06-30 17:45:00+00:00,4043.9,4047.1,4043.8,4045.5
2026-06-30 18:00:00+00:00,4045.9,4048.7,4045.5,4047.2
2026-06-30 18:15:00+00:00,4047.0,4047.8,4045.1,4046.2
2026-06-30 18:30:00+00:00,4046.5,4046.6,4042.8,4045.7
2026-06-30 18:45:00+00:00,4045.6,4047.4,4043.3,4043.6
2026-06-30 19:00:00+00:00,4043.0,4044.2,4038.5,4039.2
2026-06-30 19:15:00+00:00,4038.7,4040.1,4035.6,4035.6
2026-06-30 19:30:00+00:00,4036.0,4038.2,4035.3,4036.9
2026-06-30 19:45:00+00:00,4036.8,4037.3,4029.1,4030.2
2026-06-30 20:00:00+00:00,4030.2,4035.1,4028.3,4034.6
2026-06-30 20:15:00+00:00,4034.8,4036.0,4027.1,4027.4
2026-06-30 20:30:00+00:00,4027.4,4028.6,4024.5,4025.8
2026-06-30 20:45:00+00:00,4025.7,4026.3,4020.6,4021.8
2026-06-30 22:00:00+00:00,4025.0,4030.4,4022.1,4027.5
2026-06-30 22:15:00+00:00,4028.0,4029.7,4025.2,4027.2
2026-06-30 22:30:00+00:00,4026.6,4032.0,4026.6,4027.3
2026-06-30 22:45:00+00:00,4027.1,4029.5,4024.2,4026.4
2026-06-30 23:00:00+00:00,4026.5,4031.8,4024.3,4027.4
2026-06-30 23:15:00+00:00,4027.9,4028.5,4021.3,4024.4
2026-06-30 23:30:00+00:00,4024.3,4025.8,4022.1,4023.2
2026-06-30 23:45:00+00:00,4022.7,4023.2,4018.0,4018.9
2026-07-01 00:00:00+00:00,4018.9,4022.7,4018.2,4021.6
2026-07-01 00:15:00+00:00,4021.7,4022.1,4013.0,4015.0
2026-07-01 00:30:00+00:00,4015.0,4018.7,4008.4,4009.5
2026-07-01 00:45:00+00:00,4009.4,4012.9,4006.0,4010.2
2026-07-01 01:00:00+00:00,4010.5,4013.2,3991.6,3997.5
2026-07-01 01:15:00+00:00,3996.8,3999.0,3988.6,3998.6
2026-07-01 01:30:00+00:00,3998.5,4001.6,3987.3,3992.0
2026-07-01 01:45:00+00:00,3991.8,3994.8,3986.7,3990.8
2026-07-01 02:00:00+00:00,3990.4,3992.7,3983.0,3989.4
2026-07-01 02:15:00+00:00,3989.4,3996.0,3988.8,3993.7
2026-07-01 02:30:00+00:00,3993.6,3999.0,3991.5,3995.9
2026-07-01 02:45:00+00:00,3996.4,3998.4,3991.2,3991.9
2026-07-01 03:00:00+00:00,3991.8,3998.5,3991.4,3996.4
2026-07-01 03:15:00+00:00,3996.3,3999.9,3993.2,3994.1
2026-07-01 03:30:00+00:00,3994.5,3995.3,3989.1,3990.2
2026-07-01 03:45:00+00:00,3990.4,3993.1,3989.3,3992.9
2026-07-01 04:00:00+00:00,3993.4,3993.9,3987.0,3989.0
2026-07-01 04:15:00+00:00,3988.6,3990.9,3987.3,3990.1
2026-07-01 04:30:00+00:00,3990.1,3993.5,3985.3,3987.7
2026-07-01 04:45:00+00:00,3987.5,3995.4,3987.1,3989.2
2026-07-01 05:00:00+00:00,3989.1,3989.6,3982.3,3984.8
2026-07-01 05:15:00+00:00,3984.5,3988.0,3982.6,3986.1
2026-07-01 05:30:00+00:00,3986.4,3991.7,3983.3,3987.6
2026-07-01 05:45:00+00:00,3986.4,3992.0,3986.3,3986.6
2026-07-01 06:00:00+00:00,3986.6,3990.3,3976.2,3978.0
2026-07-01 06:15:00+00:00,3978.3,3982.6,3975.9,3980.4
2026-07-01 06:30:00+00:00,3980.6,3986.6,3976.2,3984.7
2026-07-01 06:45:00+00:00,3984.8,3986.6,3981.8,3985.0
2026-07-01 07:00:00+00:00,3985.0,3986.7,3973.3,3974.5
2026-07-01 07:15:00+00:00,3974.1,3984.9,3973.0,3977.3
2026-07-01 07:30:00+00:00,3977.4,3984.5,3973.6,3984.2
2026-07-01 07:45:00+00:00,3984.0,3991.0,3982.1,3988.7
2026-07-01 08:00:00+00:00,3988.8,3989.3,3982.5,3987.5
2026-07-01 08:15:00+00:00,3987.5,3997.7,3987.3,3992.0
2026-07-01 08:30:00+00:00,3991.9,3992.8,3985.6,3990.2
2026-07-01 08:45:00+00:00,3990.1,3990.8,3984.5,3987.7
2026-07-01 09:00:00+00:00,3987.2,3990.8,3985.9,3989.1
2026-07-01 09:15:00+00:00,3989.0,3993.7,3988.9,3992.3
2026-07-01 09:30:00+00:00,3991.8,3995.8,3990.8,3994.7
2026-07-01 09:45:00+00:00,3995.1,3999.3,3995.1,3997.9
2026-07-01 10:00:00+00:00,3997.8,4003.5,3996.4,3997.6
2026-07-01 10:15:00+00:00,3997.8,4000.7,3994.6,4000.5
2026-07-01 10:30:00+00:00,4000.4,4007.6,4000.0,4000.4
2026-07-01 10:45:00+00:00,4000.8,4012.0,4000.2,4011.9
2026-07-01 11:00:00+00:00,4011.5,4033.0,4011.3,4029.8
2026-07-01 11:15:00+00:00,4029.7,4042.6,4028.7,4039.9
2026-07-01 11:30:00+00:00,4040.3,4045.8,4036.9,4043.1
2026-07-01 11:45:00+00:00,4043.3,4049.4,4042.7,4044.0
2026-07-01 12:00:00+00:00,4044.5,4047.8,4033.2,4036.0
2026-07-01 12:15:00+00:00,4036.0,4044.2,4035.8,4039.7
2026-07-01 12:30:00+00:00,4039.4,4047.2,4037.0,4040.1
2026-07-01 12:45:00+00:00,4040.5,4043.0,4036.7,4036.8
2026-07-01 13:00:00+00:00,4036.8,4039.1,4026.6,4034.6
2026-07-01 13:15:00+00:00,4035.0,4061.7,4035.0,4061.2
2026-07-01 13:30:00+00:00,4061.2,4116.0,4055.3,4113.3
2026-07-01 13:45:00+00:00,4113.1,4122.6,4099.6,4104.2
2026-07-01 14:00:00+00:00,4104.8,4116.4,4096.9,4107.4
2026-07-01 14:15:00+00:00,4107.6,4121.5,4103.9,4115.2
2026-07-01 14:30:00+00:00,4115.2,4131.0,4106.4,4107.1
2026-07-01 14:45:00+00:00,4107.8,4110.1,4100.8,4107.9
2026-07-01 15:00:00+00:00,4108.0,4108.8,4095.9,4099.5
2026-07-01 15:15:00+00:00,4099.2,4106.4,4092.9,4098.3
2026-07-01 15:30:00+00:00,4097.8,4097.8,4090.8,4096.7
2026-07-01 15:45:00+00:00,4096.4,4102.6,4093.8,4095.1
2026-07-01 16:00:00+00:00,4095.5,4102.9,4095.5,4097.0
2026-07-01 16:15:00+00:00,4096.6,4099.5,4095.0,4096.1
2026-07-01 16:30:00+00:00,4095.9,4097.4,4086.8,4088.1
2026-07-01 16:45:00+00:00,4088.7,4090.3,4084.0,4085.0
2026-07-01 17:00:00+00:00,4084.9,4087.6,4081.2,4085.0
2026-07-01 17:15:00+00:00,4085.3,4085.9,4081.5,4081.8
2026-07-01 17:30:00+00:00,4082.0,4087.3,4081.7,4084.8
2026-07-01 17:45:00+00:00,4084.7,4086.5,4081.0,4082.2
2026-07-01 18:00:00+00:00,4082.3,4084.7,4081.0,4082.7
2026-07-01 18:15:00+00:00,4082.8,4083.0,4074.6,4074.9
2026-07-01 18:30:00+00:00,4075.3,4079.9,4075.0,4076.4
2026-07-01 18:45:00+00:00,4076.5,4076.9,4071.3,4076.0
2026-07-01 19:00:00+00:00,4075.5,4082.2,4075.3,4079.2
2026-07-01 19:15:00+00:00,4079.2,4080.0,4070.3,4072.7
2026-07-01 19:30:00+00:00,4072.8,4073.4,4066.2,4067.6
2026-07-01 19:45:00+00:00,4067.4,4068.0,4048.4,4052.3
2026-07-01 20:00:00+00:00,4052.2,4053.6,4042.1,4049.2
2026-07-01 20:15:00+00:00,4049.2,4052.8,4048.0,4051.9
2026-07-01 20:30:00+00:00,4051.6,4052.6,4046.8,4047.5
2026-07-01 20:45:00+00:00,4047.5,4049.5,4043.8,4044.6
2026-07-01 22:00:00+00:00,4049.2,4053.6,4045.1,4049.2
2026-07-01 22:15:00+00:00,4049.4,4051.8,4047.4,4050.6
2026-07-01 22:30:00+00:00,4050.1,4053.0,4049.0,4052.0
2026-07-01 22:45:00+00:00,4052.3,4057.2,4052.0,4057.2
2026-07-01 23:00:00+00:00,4056.8,4057.1,4049.5,4049.6
2026-07-01 23:15:00+00:00,4050.1,4051.7,4046.1,4049.6
2026-07-01 23:30:00+00:00,4049.7,4052.9,4046.5,4048.0
2026-07-01 23:45:00+00:00,4048.0,4049.4,4045.5,4047.4
2026-07-02 00:00:00+00:00,4047.1,4058.9,4042.8,4057.4
2026-07-02 00:15:00+00:00,4056.0,4060.7,4052.1,4058.4
2026-07-02 00:30:00+00:00,4059.0,4059.4,4050.0,4050.9
2026-07-02 00:45:00+00:00,4051.4,4065.0,4051.4,4063.5
2026-07-02 01:00:00+00:00,4063.5,4080.5,4062.4,4076.9
2026-07-02 01:15:00+00:00,4077.3,4077.6,4062.2,4065.2
2026-07-02 01:30:00+00:00,4065.6,4067.5,4058.0,4059.8
2026-07-02 01:45:00+00:00,4059.5,4068.8,4057.0,4062.4
2026-07-02 02:00:00+00:00,4062.6,4063.3,4053.3,4060.5
2026-07-02 02:15:00+00:00,4060.6,4067.0,4060.2,4063.9
2026-07-02 02:30:00+00:00,4063.7,4069.4,4060.0,4068.3
2026-07-02 02:45:00+00:00,4068.5,4073.2,4066.5,4069.2
2026-07-02 03:00:00+00:00,4069.4,4072.0,4067.7,4069.9
2026-07-02 03:15:00+00:00,4069.9,4079.2,4069.9,4077.2
2026-07-02 03:30:00+00:00,4077.3,4080.0,4073.8,4078.0
2026-07-02 03:45:00+00:00,4078.2,4086.3,4075.0,4082.3
2026-07-02 04:00:00+00:00,4082.1,4085.0,4080.2,4082.4
2026-07-02 04:15:00+00:00,4082.5,4082.6,4076.2,4077.9
2026-07-02 04:30:00+00:00,4077.8,4078.7,4073.3,4075.4
2026-07-02 04:45:00+00:00,4075.2,4077.1,4072.7,4073.2
2026-07-02 05:00:00+00:00,4073.1,4073.4,4066.2,4067.5
2026-07-02 05:15:00+00:00,4067.6,4074.6,4066.7,4069.6
2026-07-02 05:30:00+00:00,4069.7,4078.1,4065.2,4074.0
2026-07-02 05:45:00+00:00,4073.7,4079.8,4072.2,4078.2
2026-07-02 06:00:00+00:00,4078.3,4088.1,4077.9,4080.9
2026-07-02 06:15:00+00:00,4081.0,4092.5,4079.7,4086.6
2026-07-02 06:30:00+00:00,4086.8,4089.7,4078.5,4080.7
2026-07-02 06:45:00+00:00,4080.6,4089.1,4079.3,4086.2
2026-07-02 07:00:00+00:00,4086.0,4086.9,4079.6,4080.1
2026-07-02 07:15:00+00:00,4079.8,4080.9,4073.5,4075.5
2026-07-02 07:30:00+00:00,4075.3,4088.2,4073.4,4086.8
2026-07-02 07:45:00+00:00,4086.8,4087.1,4076.1,4076.6
2026-07-02 08:00:00+00:00,4076.5,4086.6,4073.6,4081.9
2026-07-02 08:15:00+00:00,4082.4,4090.2,4080.9,4087.2
2026-07-02 08:30:00+00:00,4087.3,4090.4,4084.4,4087.6
2026-07-02 08:45:00+00:00,4087.9,4092.6,4085.4,4089.1
2026-07-02 09:00:00+00:00,4088.4,4089.5,4082.0,4085.0
2026-07-02 09:15:00+00:00,4084.7,4086.3,4078.5,4079.9
2026-07-02 09:30:00+00:00,4080.0,4084.3,4075.7,4081.5
2026-07-02 09:45:00+00:00,4081.6,4084.7,4076.9,4077.6
2026-07-02 10:00:00+00:00,4077.9,4079.1,4075.0,4075.8
2026-07-02 10:15:00+00:00,4075.7,4080.7,4074.5,4078.7
2026-07-02 10:30:00+00:00,4078.7,4081.6,4075.8,4077.2
2026-07-02 10:45:00+00:00,4077.0,4080.3,4074.2,4078.6
2026-07-02 11:00:00+00:00,4079.1,4079.4,4069.7,4075.7
2026-07-02 11:15:00+00:00,4075.8,4079.4,4074.9,4077.2
2026-07-02 11:30:00+00:00,4077.8,4083.8,4075.4,4083.3
2026-07-02 11:45:00+00:00,4083.5,4084.5,4077.5,4077.5
2026-07-02 12:00:00+00:00,4077.3,4085.8,4073.4,4076.3
2026-07-02 12:15:00+00:00,4076.6,4082.1,4074.1,4078.4
2026-07-02 12:30:00+00:00,4078.2,4154.2,4076.7,4145.5
2026-07-02 12:45:00+00:00,4145.7,4147.2,4124.7,4130.5
2026-07-02 13:00:00+00:00,4130.8,4143.2,4128.7,4137.2
2026-07-02 13:15:00+00:00,4136.8,4137.2,4121.7,4125.8
2026-07-02 13:30:00+00:00,4125.4,4151.3,4122.6,4147.1
2026-07-02 13:45:00+00:00,4147.6,4157.1,4145.4,4149.8
2026-07-02 14:00:00+00:00,4149.6,4151.6,4136.9,4141.3
2026-07-02 14:15:00+00:00,4141.4,4149.3,4127.0,4129.1
2026-07-02 14:30:00+00:00,4129.6,4138.8,4127.7,4131.5
2026-07-02 14:45:00+00:00,4131.9,4143.0,4129.0,4141.9
2026-07-02 15:00:00+00:00,4141.9,4144.7,4127.8,4139.9
2026-07-02 15:15:00+00:00,4139.7,4144.6,4133.6,4135.7
2026-07-02 15:30:00+00:00,4135.7,4144.3,4135.6,4138.5
2026-07-02 15:45:00+00:00,4138.3,4143.2,4137.2,4141.4
2026-07-02 16:00:00+00:00,4141.7,4143.2,4134.6,4136.4
2026-07-02 16:15:00+00:00,4136.5,4137.0,4127.8,4129.0
2026-07-02 16:30:00+00:00,4128.6,4129.6,4113.0,4127.5
2026-07-02 16:45:00+00:00,4127.7,4133.9,4126.9,4131.2
2026-07-02 17:00:00+00:00,4131.1,4133.3,4126.5,4131.4
2026-07-02 17:15:00+00:00,4131.4,4133.1,4124.3,4125.9
2026-07-02 17:30:00+00:00,4125.5,4127.6,4118.8,4120.4
2026-07-02 17:45:00+00:00,4120.0,4123.2,4118.5,4119.5
2026-07-02 18:00:00+00:00,4119.7,4137.0,4118.6,4131.9
2026-07-02 18:15:00+00:00,4132.8,4136.3,4128.7,4136.2
2026-07-02 18:30:00+00:00,4136.1,4140.6,4134.3,4134.7
2026-07-02 18:45:00+00:00,4134.4,4137.5,4133.0,4135.9
2026-07-02 19:00:00+00:00,4136.2,4137.5,4126.2,4127.7
2026-07-02 19:15:00+00:00,4127.4,4128.0,4121.3,4125.9
2026-07-02 19:30:00+00:00,4125.9,4127.9,4124.4,4126.6
2026-07-02 19:45:00+00:00,4126.7,4137.1,4125.7,4134.0
2026-07-02 20:00:00+00:00,4134.2,4135.8,4129.4,4133.0
2026-07-02 20:15:00+00:00,4132.9,4138.3,4132.2,4136.7
2026-07-02 20:30:00+00:00,4136.5,4138.0,4134.0,4134.2
2026-07-02 20:45:00+00:00,4133.8,4137.1,4131.8,4135.5
2026-07-02 22:00:00+00:00,4138.0,4141.1,4137.2,4137.8
2026-07-02 22:15:00+00:00,4137.4,4138.0,4135.1,4137.0
2026-07-02 22:30:00+00:00,4136.8,4138.8,4135.1,4135.9
2026-07-02 22:45:00+00:00,4136.0,4138.9,4135.4,4137.1
2026-07-02 23:00:00+00:00,4137.2,4139.8,4136.9,4138.2
2026-07-02 23:15:00+00:00,4137.6,4142.7,4137.0,4142.3
2026-07-02 23:30:00+00:00,4142.1,4149.1,4133.8,4137.6
2026-07-02 23:45:00+00:00,4137.9,4144.6,4137.0,4139.2
2026-07-03 00:00:00+00:00,4139.0,4150.6,4135.9,4147.5
2026-07-03 00:15:00+00:00,4147.5,4154.0,4144.8,4150.4
2026-07-03 00:30:00+00:00,4150.3,4152.5,4145.9,4149.5
2026-07-03 00:45:00+00:00,4148.5,4164.0,4147.5,4160.0
2026-07-03 01:00:00+00:00,4159.8,4192.0,4159.5,4188.7
2026-07-03 01:15:00+00:00,4188.7,4206.7,4186.1,4199.8
2026-07-03 01:30:00+00:00,4199.7,4208.3,4191.2,4192.2
2026-07-03 01:45:00+00:00,4192.2,4196.6,4187.8,4194.9
2026-07-03 02:00:00+00:00,4194.5,4196.8,4189.6,4192.6
2026-07-03 02:15:00+00:00,4192.2,4194.3,4189.3,4191.9
2026-07-03 02:30:00+00:00,4192.0,4199.9,4190.9,4196.5
2026-07-03 02:45:00+00:00,4196.8,4199.7,4192.0,4196.8
2026-07-03 03:00:00+00:00,4196.8,4197.5,4192.8,4195.7
2026-07-03 03:15:00+00:00,4196.2,4196.6,4192.4,4194.5
2026-07-03 03:30:00+00:00,4194.9,4196.0,4190.2,4190.6
2026-07-03 03:45:00+00:00,4190.5,4192.4,4188.4,4188.5
2026-07-05 22:00:00+00:00,4187.5,4199.7,4184.4,4192.7
2026-07-05 22:15:00+00:00,4193.5,4197.9,4187.3,4197.4
2026-07-05 22:30:00+00:00,4196.3,4203.5,4187.3,4200.1
2026-07-05 22:45:00+00:00,4200.2,4202.4,4187.3,4200.1
2026-07-05 23:00:00+00:00,4200.6,4203.5,4187.3,4199.6
2026-07-05 23:15:00+00:00,4199.5,4214.1,4198.5,4212.1
2026-07-05 23:30:00+00:00,4212.3,4213.7,4187.3,4208.7
2026-07-05 23:45:00+00:00,4208.3,4209.3,4187.3,4195.2
2026-07-06 00:00:00+00:00,4195.8,4197.5,4182.4,4186.9
2026-07-06 00:15:00+00:00,4187.3,4193.9,4183.0,4186.4
2026-07-06 00:30:00+00:00,4187.1,4199.6,4186.2,4197.6
2026-07-06 00:45:00+00:00,4198.2,4200.7,4186.0,4191.6
2026-07-06 01:00:00+00:00,4190.5,4204.4,4184.3,4200.6
2026-07-06 01:15:00+00:00,4200.6,4204.8,4187.3,4201.4
2026-07-06 01:30:00+00:00,4201.5,4212.7,4187.3,4209.9
2026-07-06 01:45:00+00:00,4209.1,4215.5,4197.7,4198.1
2026-07-06 02:00:00+00:00,4198.5,4200.1,4187.3,4193.2
2026-07-06 02:15:00+00:00,4193.1,4198.6,4187.3,4189.4
2026-07-06 02:30:00+00:00,4189.3,4190.6,4180.3,4183.7
2026-07-06 02:45:00+00:00,4184.8,4187.4,4181.9,4185.5
2026-07-06 03:00:00+00:00,4185.9,4187.9,4177.1,4178.4
2026-07-06 03:15:00+00:00,4178.1,4187.3,4174.1,4177.5
2026-07-06 03:30:00+00:00,4177.2,4187.3,4172.7,4174.5
2026-07-06 03:45:00+00:00,4174.5,4178.6,4173.0,4177.0
2026-07-06 04:00:00+00:00,4177.0,4178.4,4172.5,4175.4
2026-07-06 04:15:00+00:00,4175.0,4187.3,4171.8,4173.3
2026-07-06 04:30:00+00:00,4173.2,4187.3,4169.2,4172.1
2026-07-06 04:45:00+00:00,4171.8,4172.9,4169.8,4171.5
2026-07-06 05:00:00+00:00,4171.2,4187.3,4162.6,4163.5
2026-07-06 05:15:00+00:00,4163.7,4187.3,4161.9,4164.2
2026-07-06 05:30:00+00:00,4164.3,4187.3,4161.0,4167.0
2026-07-06 05:45:00+00:00,4166.6,4187.3,4156.4,4159.7
2026-07-06 06:00:00+00:00,4159.5,4164.1,4156.8,4163.7
2026-07-06 06:15:00+00:00,4163.5,4187.3,4160.0,4168.3
2026-07-06 06:30:00+00:00,4168.3,4187.3,4164.9,4167.4
2026-07-06 06:45:00+00:00,4167.7,4187.3,4160.5,4161.9
2026-07-06 07:00:00+00:00,4162.0,4187.3,4158.7,4162.4
2026-07-06 07:15:00+00:00,4162.9,4167.6,4161.8,4165.5
2026-07-06 07:30:00+00:00,4164.8,4187.3,4162.7,4175.3
2026-07-06 07:45:00+00:00,4175.5,4187.3,4173.7,4175.7
2026-07-06 08:00:00+00:00,4176.4,4187.3,4168.4,4169.4
2026-07-06 08:15:00+00:00,4169.6,4187.3,4164.3,4167.2
2026-07-06 08:30:00+00:00,4167.1,4167.4,4160.0,4160.4
2026-07-06 08:45:00+00:00,4160.5,4187.3,4158.1,4161.8
2026-07-06 09:00:00+00:00,4161.6,4187.3,4159.3,4161.3
2026-07-06 09:15:00+00:00,4161.1,4187.3,4153.4,4155.9
2026-07-06 09:30:00+00:00,4155.1,4187.3,4148.4,4151.9
2026-07-06 09:45:00+00:00,4151.3,4157.1,4151.1,4155.5
2026-07-06 10:00:00+00:00,4155.5,4187.3,4154.6,4160.4
2026-07-06 10:15:00+00:00,4160.5,4187.3,4159.8,4161.1
2026-07-06 10:30:00+00:00,4161.0,4187.3,4160.9,4166.8
2026-07-06 10:45:00+00:00,4166.9,4187.3,4164.7,4167.4
2026-07-06 11:00:00+00:00,4167.3,4168.7,4164.1,4167.3
2026-07-06 11:15:00+00:00,4167.4,4187.3,4166.0,4167.9
2026-07-06 11:30:00+00:00,4167.5,4187.3,4164.8,4165.7
2026-07-06 11:45:00+00:00,4166.2,4187.3,4163.9,4167.4
2026-07-06 12:00:00+00:00,4167.4,4187.3,4165.5,4168.0
2026-07-06 12:15:00+00:00,4168.2,4169.8,4156.6,4157.7
2026-07-06 12:30:00+00:00,4157.5,4187.3,4143.3,4144.9
2026-07-06 12:45:00+00:00,4145.1,4187.3,4144.9,4151.4
2026-07-06 13:00:00+00:00,4151.9,4160.7,4148.9,4153.6
2026-07-06 13:15:00+00:00,4153.4,4187.3,4150.7,4154.8
2026-07-06 13:30:00+00:00,4154.3,4162.6,4154.3,4161.5
2026-07-06 13:45:00+00:00,4161.5,4187.3,4147.1,4153.0
2026-07-06 14:00:00+00:00,4152.5,4187.3,4145.8,4152.5
2026-07-06 14:15:00+00:00,4153.3,4153.3,4144.7,4149.1
2026-07-06 14:30:00+00:00,4149.7,4187.3,4140.6,4142.6
2026-07-06 14:45:00+00:00,4142.2,4150.8,4141.1,4150.2
2026-07-06 15:00:00+00:00,4150.6,4187.3,4149.8,4151.4
2026-07-06 15:15:00+00:00,4151.6,4187.3,4150.5,4162.2
2026-07-06 15:30:00+00:00,4162.3,4164.0,4158.9,4161.6
2026-07-06 15:45:00+00:00,4162.1,4187.3,4156.1,4159.9
2026-07-06 16:00:00+00:00,4160.1,4187.3,4152.0,4152.0
2026-07-06 16:15:00+00:00,4152.3,4187.3,4152.1,4157.2
2026-07-06 16:30:00+00:00,4157.5,4187.3,4157.2,4161.4
2026-07-06 16:45:00+00:00,4161.2,4168.1,4160.6,4166.9
2026-07-06 17:00:00+00:00,4166.9,4187.3,4164.1,4165.4
2026-07-06 17:15:00+00:00,4165.5,4187.3,4162.1,4167.5
2026-07-06 17:30:00+00:00,4167.2,4187.3,4166.4,4168.4
2026-07-06 17:45:00+00:00,4168.0,4187.3,4167.6,4172.9
2026-07-06 18:00:00+00:00,4173.3,4173.8,4167.1,4170.0
2026-07-06 18:15:00+00:00,4170.2,4187.3,4170.2,4173.9
2026-07-06 18:30:00+00:00,4173.8,4187.3,4171.6,4176.3
2026-07-06 18:45:00+00:00,4175.8,4187.3,4173.8,4175.8
2026-07-06 19:00:00+00:00,4175.8,4187.3,4170.8,4171.2
2026-07-06 19:15:00+00:00,4171.1,4175.5,4170.5,4174.8
2026-07-06 19:30:00+00:00,4175.0,4187.3,4171.5,4173.1
2026-07-06 19:45:00+00:00,4173.1,4187.3,4172.8,4175.5
2026-07-06 20:00:00+00:00,4175.4,4187.3,4172.8,4172.8
2026-07-06 20:15:00+00:00,4172.7,4187.3,4172.6,4174.4
2026-07-06 20:30:00+00:00,4174.3,4176.5,4174.2,4175.0
2026-07-06 20:45:00+00:00,4174.6,4187.3,4174.6,4187.3
2026-07-06 22:00:00+00:00,4176.4,4179.0,4174.6,4177.4
2026-07-06 22:15:00+00:00,4177.7,4178.7,4176.3,4177.1
2026-07-06 22:30:00+00:00,4177.5,4179.5,4177.2,4178.3
2026-07-06 22:45:00+00:00,4178.3,4179.1,4175.2,4175.9
2026-07-06 23:00:00+00:00,4175.4,4176.6,4174.0,4176.6
2026-07-06 23:15:00+00:00,4176.4,4176.4,4174.0,4174.3
2026-07-06 23:30:00+00:00,4174.0,4176.4,4172.0,4173.0
2026-07-06 23:45:00+00:00,4173.1,4174.9,4168.0,4168.7
2026-07-07 00:00:00+00:00,4168.5,4169.7,4164.5,4167.6
2026-07-07 00:15:00+00:00,4168.0,4172.2,4163.4,4171.4
2026-07-07 00:30:00+00:00,4171.7,4174.5,4159.7,4161.6
2026-07-07 00:45:00+00:00,4160.8,4165.5,4156.1,4157.2
2026-07-07 01:00:00+00:00,4157.3,4160.2,4149.6,4153.7
2026-07-07 01:15:00+00:00,4153.3,4155.0,4137.6,4144.3
2026-07-07 01:30:00+00:00,4144.2,4154.4,4143.8,4153.9
2026-07-07 01:45:00+00:00,4154.4,4158.6,4152.5,4153.9
2026-07-07 02:00:00+00:00,4154.0,4156.5,4149.5,4154.0
2026-07-07 02:15:00+00:00,4154.3,4157.0,4149.7,4152.3
2026-07-07 02:30:00+00:00,4152.0,4156.5,4147.8,4150.6
2026-07-07 02:45:00+00:00,4151.2,4151.3,4142.8,4147.9
2026-07-07 03:00:00+00:00,4147.8,4151.4,4146.5,4148.2
2026-07-07 03:15:00+00:00,4147.8,4148.9,4140.1,4143.8
2026-07-07 03:30:00+00:00,4143.1,4146.2,4138.4,4140.4
2026-07-07 03:45:00+00:00,4140.5,4142.7,4135.2,4141.8
2026-07-07 04:00:00+00:00,4142.4,4152.4,4141.7,4147.6
2026-07-07 04:15:00+00:00,4147.7,4148.9,4142.0,4143.2
2026-07-07 04:30:00+00:00,4143.3,4143.3,4139.6,4139.6
2026-07-07 04:45:00+00:00,4139.9,4142.1,4136.8,4137.6
2026-07-07 05:00:00+00:00,4137.6,4142.2,4133.0,4133.1
2026-07-07 05:15:00+00:00,4133.1,4140.0,4131.9,4139.5
2026-07-07 05:30:00+00:00,4139.7,4140.0,4127.7,4133.5
2026-07-07 05:45:00+00:00,4133.7,4138.2,4131.6,4135.2
2026-07-07 06:00:00+00:00,4135.0,4140.8,4132.5,4135.1
2026-07-07 06:15:00+00:00,4135.0,4140.9,4134.5,4138.1
2026-07-07 06:30:00+00:00,4138.0,4143.9,4136.2,4143.8
2026-07-07 06:45:00+00:00,4143.8,4144.4,4139.7,4141.7
2026-07-07 07:00:00+00:00,4141.9,4142.6,4135.8,4140.7
2026-07-07 07:15:00+00:00,4140.7,4143.4,4137.2,4138.3
2026-07-07 07:30:00+00:00,4138.3,4142.4,4137.0,4141.4
2026-07-07 07:45:00+00:00,4141.1,4144.6,4135.4,4135.8
2026-07-07 08:00:00+00:00,4135.4,4150.9,4135.4,4148.5
2026-07-07 08:15:00+00:00,4148.6,4150.3,4145.5,4150.0
2026-07-07 08:30:00+00:00,4150.1,4150.7,4139.2,4142.1
2026-07-07 08:45:00+00:00,4142.1,4142.2,4132.7,4137.1
2026-07-07 09:00:00+00:00,4136.9,4140.1,4135.4,4138.7
2026-07-07 09:15:00+00:00,4138.5,4142.2,4130.6,4132.5
2026-07-07 09:30:00+00:00,4132.6,4144.6,4132.4,4143.7
2026-07-07 09:45:00+00:00,4143.7,4144.1,4136.3,4142.4
2026-07-07 10:00:00+00:00,4142.4,4146.4,4142.4,4143.6
2026-07-07 10:15:00+00:00,4144.0,4150.5,4143.2,4148.9
2026-07-07 10:30:00+00:00,4149.1,4149.1,4146.0,4147.2
2026-07-07 10:45:00+00:00,4147.2,4148.8,4145.0,4147.1
2026-07-07 11:00:00+00:00,4147.1,4147.4,4143.0,4144.1
2026-07-07 11:15:00+00:00,4144.3,4156.8,4144.3,4154.2
2026-07-07 11:30:00+00:00,4154.1,4160.5,4150.8,4159.6
2026-07-07 11:45:00+00:00,4159.5,4170.0,4158.4,4168.6
2026-07-07 12:00:00+00:00,4168.6,4186.7,4166.0,4185.2
2026-07-07 12:15:00+00:00,4185.4,4187.0,4174.5,4177.8
2026-07-07 12:30:00+00:00,4177.3,4180.0,4173.2,4178.0
2026-07-07 12:45:00+00:00,4177.8,4184.5,4175.9,4184.1
2026-07-07 13:00:00+00:00,4184.1,4190.6,4171.3,4182.6
2026-07-07 13:15:00+00:00,4182.5,4183.9,4175.5,4177.3
2026-07-07 13:30:00+00:00,4177.6,4192.4,4174.7,4189.4
2026-07-07 13:45:00+00:00,4189.4,4192.0,4167.3,4170.0
2026-07-07 14:00:00+00:00,4169.7,4175.1,4161.9,4163.3
2026-07-07 14:15:00+00:00,4162.9,4170.8,4162.0,4169.0
2026-07-07 14:30:00+00:00,4169.8,4170.8,4154.5,4163.4
2026-07-07 14:45:00+00:00,4163.2,4168.8,4163.0,4165.0
2026-07-07 15:00:00+00:00,4165.0,4166.7,4159.3,4159.6
2026-07-07 15:15:00+00:00,4159.7,4159.7,4152.6,4154.0
2026-07-07 15:30:00+00:00,4154.0,4159.3,4153.0,4157.5
2026-07-07 15:45:00+00:00,4157.3,4159.0,4146.9,4150.1
2026-07-07 16:00:00+00:00,4150.4,4155.0,4148.2,4152.4
2026-07-07 16:15:00+00:00,4152.2,4158.7,4152.1,4157.5
2026-07-07 16:30:00+00:00,4157.3,4158.1,4153.7,4154.7
2026-07-07 16:45:00+00:00,4154.9,4158.3,4152.2,4156.6
2026-07-07 17:00:00+00:00,4156.7,4158.5,4153.6,4154.4
2026-07-07 17:15:00+00:00,4154.2,4158.3,4151.8,4157.5
2026-07-07 17:30:00+00:00,4157.7,4159.8,4156.1,4158.0
2026-07-07 17:45:00+00:00,4158.7,4158.7,4154.3,4155.9
2026-07-07 18:00:00+00:00,4156.0,4156.5,4152.2,4153.8
2026-07-07 18:15:00+00:00,4153.7,4155.8,4151.3,4153.1
2026-07-07 18:30:00+00:00,4152.9,4153.8,4147.7,4153.0
2026-07-07 18:45:00+00:00,4153.7,4154.0,4136.1,4138.0
2026-07-07 19:00:00+00:00,4137.9,4138.7,4113.6,4116.6
2026-07-07 19:15:00+00:00,4116.1,4117.7,4102.7,4114.3
2026-07-07 19:30:00+00:00,4114.3,4125.9,4114.3,4120.0
2026-07-07 19:45:00+00:00,4120.3,4128.9,4119.2,4125.1
2026-07-07 20:00:00+00:00,4125.3,4126.7,4123.1,4123.7
2026-07-07 20:15:00+00:00,4124.0,4124.0,4117.3,4121.6
2026-07-07 20:30:00+00:00,4121.5,4121.8,4115.4,4116.3
2026-07-07 20:45:00+00:00,4116.4,4117.7,4114.2,4116.6
2026-07-07 22:00:00+00:00,4106.5,4116.9,4104.0,4114.5
2026-07-07 22:15:00+00:00,4114.7,4115.1,4110.4,4110.5
2026-07-07 22:30:00+00:00,4110.2,4113.4,4109.4,4112.0
2026-07-07 22:45:00+00:00,4111.8,4111.8,4106.6,4109.5
2026-07-07 23:00:00+00:00,4109.0,4118.9,4107.3,4116.6
2026-07-07 23:15:00+00:00,4116.4,4117.8,4111.8,4116.0
2026-07-07 23:30:00+00:00,4115.9,4116.3,4107.9,4109.2
2026-07-07 23:45:00+00:00,4108.8,4112.0,4106.3,4108.8
2026-07-08 00:00:00+00:00,4108.5,4114.4,4107.4,4110.3
2026-07-08 00:15:00+00:00,4111.5,4118.6,4109.1,4115.5
2026-07-08 00:30:00+00:00,4116.3,4137.1,4114.7,4134.2
2026-07-08 00:45:00+00:00,4134.5,4136.0,4122.1,4122.5
2026-07-08 01:00:00+00:00,4122.8,4129.0,4109.5,4119.4
2026-07-08 01:15:00+00:00,4119.4,4121.1,4113.0,4113.8
2026-07-08 01:30:00+00:00,4113.4,4116.6,4106.8,4114.1
2026-07-08 01:45:00+00:00,4113.5,4123.8,4112.8,4122.3
2026-07-08 02:00:00+00:00,4122.2,4129.4,4116.5,4123.3
2026-07-08 02:15:00+00:00,4123.7,4135.5,4123.5,4129.5
2026-07-08 02:30:00+00:00,4129.5,4131.8,4127.0,4131.1
2026-07-08 02:45:00+00:00,4131.1,4131.3,4124.0,4125.0
2026-07-08 03:00:00+00:00,4125.5,4141.5,4125.5,4138.9
2026-07-08 03:15:00+00:00,4138.7,4142.3,4135.7,4141.3
2026-07-08 03:30:00+00:00,4141.4,4142.3,4136.8,4138.2
2026-07-08 03:45:00+00:00,4137.5,4140.2,4133.6,4133.7
2026-07-08 04:00:00+00:00,4134.2,4139.4,4132.5,4135.2
2026-07-08 04:15:00+00:00,4135.0,4137.8,4131.4,4136.6
2026-07-08 04:30:00+00:00,4136.6,4139.1,4132.9,4136.0
2026-07-08 04:45:00+00:00,4136.0,4137.7,4134.2,4135.9
2026-07-08 05:00:00+00:00,4135.9,4144.6,4135.7,4136.4
2026-07-08 05:15:00+00:00,4136.3,4140.3,4132.4,4132.5
2026-07-08 05:30:00+00:00,4132.3,4142.0,4131.3,4138.5
2026-07-08 05:45:00+00:00,4139.3,4140.5,4135.0,4138.5
2026-07-08 06:00:00+00:00,4138.8,4142.1,4132.9,4141.4
2026-07-08 06:15:00+00:00,4141.8,4144.7,4139.5,4140.9
2026-07-08 06:30:00+00:00,4140.3,4140.5,4135.2,4137.7
2026-07-08 06:45:00+00:00,4137.4,4138.1,4133.9,4134.0
2026-07-08 07:00:00+00:00,4134.4,4135.8,4126.8,4129.0
2026-07-08 07:15:00+00:00,4128.9,4132.6,4125.4,4131.5
2026-07-08 07:30:00+00:00,4131.9,4138.9,4129.0,4138.9
2026-07-08 07:45:00+00:00,4138.9,4139.0,4130.0,4132.0
2026-07-08 08:00:00+00:00,4132.0,4132.5,4127.5,4128.7
2026-07-08 08:15:00+00:00,4129.0,4132.2,4090.9,4099.5
2026-07-08 08:30:00+00:00,4099.5,4102.8,4071.5,4077.0
2026-07-08 08:45:00+00:00,4076.4,4087.0,4062.2,4066.8
2026-07-08 09:00:00+00:00,4066.6,4067.0,4060.4,4066.3
2026-07-08 09:15:00+00:00,4065.7,4071.3,4064.1,4066.8
2026-07-08 09:30:00+00:00,4067.0,4068.9,4054.8,4058.8
2026-07-08 09:45:00+00:00,4058.6,4063.2,4051.6,4053.1
2026-07-08 10:00:00+00:00,4053.5,4058.3,4050.0,4054.5
2026-07-08 10:15:00+00:00,4054.6,4066.1,4053.4,4061.0
2026-07-08 10:30:00+00:00,4060.6,4068.7,4060.2,4067.5
2026-07-08 10:45:00+00:00,4067.8,4069.0,4062.9,4062.9
2026-07-08 11:00:00+00:00,4062.9,4067.2,4058.1,4060.8
2026-07-08 11:15:00+00:00,4060.4,4064.8,4057.5,4060.5
2026-07-08 11:30:00+00:00,4060.0,4076.3,4051.5,4074.5
2026-07-08 11:45:00+00:00,4074.5,4083.0,4069.2,4072.3
2026-07-08 12:00:00+00:00,4071.9,4083.6,4068.5,4081.8
2026-07-08 12:15:00+00:00,4082.2,4087.6,4075.2,4081.0
2026-07-08 12:30:00+00:00,4080.9,4088.7,4077.9,4088.4
2026-07-08 12:45:00+00:00,4088.5,4096.8,4081.1,4082.9
2026-07-08 13:00:00+00:00,4082.5,4093.8,4080.4,4082.9
2026-07-08 13:15:00+00:00,4082.8,4086.9,4075.8,4077.5
2026-07-08 13:30:00+00:00,4077.5,4091.5,4077.4,4084.2
2026-07-08 13:45:00+00:00,4083.9,4090.1,4079.0,4081.6
2026-07-08 14:00:00+00:00,4081.1,4082.0,4067.7,4068.3
2026-07-08 14:15:00+00:00,4068.2,4076.4,4062.0,4071.5
2026-07-08 14:30:00+00:00,4071.0,4072.4,4045.1,4046.8
2026-07-08 14:45:00+00:00,4046.8,4057.1,4044.0,4051.8
2026-07-08 15:00:00+00:00,4052.0,4054.3,4044.2,4044.6
2026-07-08 15:15:00+00:00,4044.5,4046.7,4036.7,4041.5
2026-07-08 15:30:00+00:00,4042.0,4044.3,4032.5,4042.9
2026-07-08 15:45:00+00:00,4042.8,4048.6,4039.8,4044.1
2026-07-08 16:00:00+00:00,4044.5,4053.5,4043.4,4049.9
2026-07-08 16:15:00+00:00,4050.0,4055.9,4048.0,4053.9
2026-07-08 16:30:00+00:00,4053.6,4068.3,4049.5,4066.6
2026-07-08 16:45:00+00:00,4066.4,4075.0,4063.3,4073.9
2026-07-08 17:00:00+00:00,4073.9,4080.7,4069.4,4075.0
2026-07-08 17:15:00+00:00,4075.2,4084.7,4073.5,4083.4
2026-07-08 17:30:00+00:00,4083.5,4086.9,4079.4,4080.5
2026-07-08 17:45:00+00:00,4080.3,4081.0,4074.7,4076.4
2026-07-08 18:00:00+00:00,4075.8,4086.4,4073.8,4085.7
2026-07-08 18:15:00+00:00,4086.0,4086.1,4078.0,4080.8
2026-07-08 18:30:00+00:00,4080.5,4090.0,4077.6,4089.9
2026-07-08 18:45:00+00:00,4089.8,4101.6,4089.0,4094.1
2026-07-08 19:00:00+00:00,4095.0,4101.0,4094.7,4097.8
2026-07-08 19:15:00+00:00,4097.3,4098.6,4094.8,4098.5
2026-07-08 19:30:00+00:00,4098.6,4101.4,4093.4,4094.1
2026-07-08 19:45:00+00:00,4093.9,4094.4,4088.5,4090.2
2026-07-08 20:00:00+00:00,4090.5,4093.5,4086.2,4089.2
2026-07-08 20:15:00+00:00,4089.0,4089.4,4084.1,4086.6
2026-07-08 20:30:00+00:00,4086.7,4088.6,4081.4,4085.1
2026-07-08 20:45:00+00:00,4084.7,4089.8,4082.4,4086.6
2026-07-08 22:00:00+00:00,4087.6,4089.2,4081.2,4086.3
2026-07-08 22:15:00+00:00,4086.1,4088.7,4082.7,4083.8
2026-07-08 22:30:00+00:00,4084.0,4088.8,4083.0,4086.0
2026-07-08 22:45:00+00:00,4085.7,4089.6,4085.5,4085.7
2026-07-08 23:00:00+00:00,4086.3,4086.8,4083.6,4086.5
2026-07-08 23:15:00+00:00,4086.3,4087.5,4084.8,4086.9
2026-07-08 23:30:00+00:00,4086.8,4087.0,4083.1,4084.9
2026-07-08 23:45:00+00:00,4084.9,4087.4,4081.1,4085.6
2026-07-09 00:00:00+00:00,4087.5,4097.0,4086.4,4096.8
2026-07-09 00:15:00+00:00,4096.9,4099.1,4083.6,4087.4
2026-07-09 00:30:00+00:00,4087.9,4091.1,4084.7,4086.6
2026-07-09 00:45:00+00:00,4086.1,4088.1,4079.2,4082.8
2026-07-09 01:00:00+00:00,4083.2,4088.2,4074.1,4083.2
2026-07-09 01:15:00+00:00,4083.5,4086.0,4075.9,4075.9
2026-07-09 01:30:00+00:00,4076.4,4084.4,4071.4,4082.2
2026-07-09 01:45:00+00:00,4081.8,4085.2,4077.7,4081.8
2026-07-09 02:00:00+00:00,4081.9,4089.0,4080.8,4088.0
2026-07-09 02:15:00+00:00,4087.4,4091.9,4086.2,4089.3
2026-07-09 02:30:00+00:00,4089.3,4090.6,4078.7,4079.7
2026-07-09 02:45:00+00:00,4079.8,4080.8,4073.1,4073.8
2026-07-09 03:00:00+00:00,4073.4,4076.3,4064.1,4067.9
2026-07-09 03:15:00+00:00,4067.6,4070.2,4063.4,4067.4
2026-07-09 03:30:00+00:00,4067.0,4072.6,4065.6,4071.0
2026-07-09 03:45:00+00:00,4071.3,4072.8,4070.2,4072.1
2026-07-09 04:00:00+00:00,4073.6,4073.6,4068.4,4069.6
2026-07-09 04:15:00+00:00,4069.6,4070.2,4066.5,4067.5
2026-07-09 04:30:00+00:00,4068.0,4073.6,4065.9,4067.4
2026-07-09 04:45:00+00:00,4067.2,4073.7,4065.9,4073.7
2026-07-09 05:00:00+00:00,4073.7,4085.3,4073.0,4082.9
2026-07-09 05:15:00+00:00,4083.1,4083.4,4076.2,4081.4
2026-07-09 05:30:00+00:00,4082.0,4086.3,4073.8,4085.0
2026-07-09 05:45:00+00:00,4085.3,4093.8,4083.4,4091.4
2026-07-09 06:00:00+00:00,4091.3,4109.3,4090.8,4101.5
2026-07-09 06:15:00+00:00,4101.3,4112.6,4101.0,4111.2
2026-07-09 06:30:00+00:00,4111.8,4116.7,4105.6,4112.5
2026-07-09 06:45:00+00:00,4112.3,4117.7,4112.0,4117.7
2026-07-09 07:00:00+00:00,4117.3,4119.9,4111.3,4111.3
2026-07-09 07:15:00+00:00,4111.4,4119.5,4111.4,4118.6
2026-07-09 07:30:00+00:00,4118.6,4120.9,4113.3,4118.9
2026-07-09 07:45:00+00:00,4118.6,4121.0,4114.2,4117.9
2026-07-09 08:00:00+00:00,4117.9,4120.4,4115.0,4117.8
2026-07-09 08:15:00+00:00,4118.0,4127.4,4117.6,4124.4
2026-07-09 08:30:00+00:00,4124.2,4126.0,4119.3,4122.9
2026-07-09 08:45:00+00:00,4123.1,4123.1,4116.8,4117.9
2026-07-09 09:00:00+00:00,4118.0,4118.8,4115.2,4117.5
2026-07-09 09:15:00+00:00,4117.7,4121.4,4116.5,4117.5
2026-07-09 09:30:00+00:00,4117.5,4119.5,4112.6,4113.3
2026-07-09 09:45:00+00:00,4113.1,4116.8,4112.6,4115.7
2026-07-09 10:00:00+00:00,4115.8,4119.2,4113.4,4114.5
2026-07-09 10:15:00+00:00,4114.6,4116.1,4113.4,4113.8
2026-07-09 10:30:00+00:00,4113.2,4114.6,4111.0,4112.8
2026-07-09 10:45:00+00:00,4112.8,4113.3,4102.8,4108.0
2026-07-09 11:00:00+00:00,4108.2,4114.6,4106.9,4113.6
2026-07-09 11:15:00+00:00,4114.5,4116.8,4108.3,4109.5
2026-07-09 11:30:00+00:00,4109.8,4119.4,4108.2,4116.0
2026-07-09 11:45:00+00:00,4116.0,4120.4,4114.4,4118.7
2026-07-09 12:00:00+00:00,4118.7,4130.3,4115.7,4122.6
2026-07-09 12:15:00+00:00,4122.8,4123.3,4114.8,4116.7
2026-07-09 12:30:00+00:00,4117.0,4132.4,4116.3,4122.5
2026-07-09 12:45:00+00:00,4122.9,4124.5,4116.8,4117.7
2026-07-09 13:00:00+00:00,4117.5,4131.0,4116.6,4130.6
2026-07-09 13:15:00+00:00,4130.7,4137.3,4128.4,4135.7
2026-07-09 13:30:00+00:00,4136.1,4139.6,4129.4,4137.3
2026-07-09 13:45:00+00:00,4137.3,4137.7,4127.6,4131.7
2026-07-09 14:00:00+00:00,4131.3,4147.4,4129.8,4131.8
2026-07-09 14:15:00+00:00,4132.1,4135.7,4123.7,4134.3
2026-07-09 14:30:00+00:00,4134.7,4136.6,4130.4,4133.9
2026-07-09 14:45:00+00:00,4134.1,4138.0,4127.9,4137.3
2026-07-09 15:00:00+00:00,4137.7,4140.8,4134.6,4135.3
2026-07-09 15:15:00+00:00,4135.1,4140.6,4134.6,4137.7
2026-07-09 15:30:00+00:00,4137.5,4141.3,4136.1,4139.9
2026-07-09 15:45:00+00:00,4140.2,4143.0,4136.1,4136.4
2026-07-09 16:00:00+00:00,4136.8,4141.4,4135.4,4140.2
2026-07-09 16:15:00+00:00,4140.1,4143.6,4138.8,4142.9
2026-07-09 16:30:00+00:00,4142.3,4148.4,4141.2,4143.7
2026-07-09 16:45:00+00:00,4143.3,4144.2,4137.7,4137.7
2026-07-09 17:00:00+00:00,4137.8,4138.6,4135.3,4137.2
2026-07-09 17:15:00+00:00,4136.8,4141.9,4134.5,4141.6
2026-07-09 17:30:00+00:00,4141.7,4144.3,4139.1,4142.0
2026-07-09 17:45:00+00:00,4141.9,4148.3,4141.8,4146.1
2026-07-09 18:00:00+00:00,4145.9,4146.5,4137.1,4138.7
2026-07-09 18:15:00+00:00,4138.4,4138.4,4132.7,4133.8
2026-07-09 18:30:00+00:00,4133.8,4135.2,4131.1,4135.2
2026-07-09 18:45:00+00:00,4135.2,4135.3,4132.1,4134.5
2026-07-09 19:00:00+00:00,4134.1,4136.9,4132.6,4134.1
2026-07-09 19:15:00+00:00,4134.3,4135.0,4130.3,4130.6
2026-07-09 19:30:00+00:00,4130.6,4132.3,4128.3,4130.0
2026-07-09 19:45:00+00:00,4130.2,4133.4,4129.8,4132.4
2026-07-09 20:00:00+00:00,4132.1,4133.9,4130.3,4131.2
2026-07-09 20:15:00+00:00,4131.2,4132.3,4130.0,4130.6
2026-07-09 20:30:00+00:00,4130.4,4135.1,4130.3,4133.9
2026-07-09 20:45:00+00:00,4133.5,4134.0,4132.3,4132.6
2026-07-09 22:00:00+00:00,4135.4,4136.8,4130.8,4132.8
2026-07-09 22:15:00+00:00,4132.5,4134.0,4131.5,4132.6
2026-07-09 22:30:00+00:00,4132.1,4134.0,4131.5,4132.7
2026-07-09 22:45:00+00:00,4133.0,4133.2,4130.5,4130.7
2026-07-09 23:00:00+00:00,4130.8,4133.9,4130.1,4133.0
2026-07-09 23:15:00+00:00,4133.3,4134.2,4130.3,4131.4
2026-07-09 23:30:00+00:00,4131.2,4132.3,4130.1,4132.0
2026-07-09 23:45:00+00:00,4132.0,4133.9,4130.9,4132.6
2026-07-10 00:00:00+00:00,4132.5,4134.6,4129.0,4131.9
2026-07-10 00:15:00+00:00,4132.4,4132.9,4125.8,4128.6
2026-07-10 00:30:00+00:00,4128.4,4133.0,4123.5,4132.4
2026-07-10 00:45:00+00:00,4132.0,4137.8,4130.3,4135.8
2026-07-10 01:00:00+00:00,4136.2,4140.8,4128.1,4134.0
2026-07-10 01:15:00+00:00,4134.5,4137.5,4129.9,4130.8
2026-07-10 01:30:00+00:00,4131.7,4133.2,4118.6,4121.1
2026-07-10 01:45:00+00:00,4121.4,4130.8,4118.3,4127.1
2026-07-10 02:00:00+00:00,4126.7,4138.6,4125.9,4134.7
2026-07-10 02:15:00+00:00,4134.8,4137.9,4131.4,4135.8
2026-07-10 02:30:00+00:00,4135.3,4138.4,4131.2,4135.3
2026-07-10 02:45:00+00:00,4135.2,4138.9,4133.3,4137.6
2026-07-10 03:00:00+00:00,4137.5,4144.6,4136.0,4136.4
2026-07-10 03:15:00+00:00,4136.6,4138.3,4130.4,4135.1
2026-07-10 03:30:00+00:00,4134.7,4137.5,4130.7,4131.1
2026-07-10 03:45:00+00:00,4130.8,4131.8,4128.9,4129.5
2026-07-10 04:00:00+00:00,4128.8,4130.4,4126.0,4130.1
2026-07-10 04:15:00+00:00,4130.0,4130.5,4121.2,4126.5
2026-07-10 04:30:00+00:00,4126.2,4128.8,4125.9,4128.2
2026-07-10 04:45:00+00:00,4128.2,4128.2,4123.6,4123.9
2026-07-10 05:00:00+00:00,4124.1,4125.2,4122.0,4122.8
2026-07-10 05:15:00+00:00,4123.1,4126.0,4121.7,4123.0
2026-07-10 05:30:00+00:00,4122.8,4124.1,4117.7,4122.8
2026-07-10 05:45:00+00:00,4122.3,4126.0,4117.0,4125.5
2026-07-10 06:00:00+00:00,4125.5,4128.1,4123.4,4123.8
2026-07-10 06:15:00+00:00,4123.7,4129.0,4122.5,4123.4
2026-07-10 06:30:00+00:00,4123.3,4125.1,4120.0,4120.6
2026-07-10 06:45:00+00:00,4120.2,4123.2,4120.1,4120.6
2026-07-10 07:00:00+00:00,4120.3,4122.5,4117.7,4120.2
2026-07-10 07:15:00+00:00,4120.4,4124.4,4117.5,4121.5
2026-07-10 07:30:00+00:00,4121.7,4123.5,4114.2,4115.6
2026-07-10 07:45:00+00:00,4116.0,4118.7,4113.0,4117.9
2026-07-10 08:00:00+00:00,4117.6,4118.3,4112.8,4116.3
2026-07-10 08:15:00+00:00,4116.4,4117.8,4111.8,4113.1
2026-07-10 08:30:00+00:00,4112.7,4114.3,4108.2,4110.6
2026-07-10 08:45:00+00:00,4110.4,4110.4,4103.3,4106.5
2026-07-10 09:00:00+00:00,4106.5,4110.0,4103.0,4109.6
2026-07-10 09:15:00+00:00,4109.5,4112.7,4108.8,4111.7
2026-07-10 09:30:00+00:00,4111.5,4113.2,4107.6,4112.0
2026-07-10 09:45:00+00:00,4112.1,4114.5,4111.2,4113.7
2026-07-10 10:00:00+00:00,4113.8,4117.6,4113.1,4115.5
2026-07-10 10:15:00+00:00,4115.6,4121.8,4115.3,4118.5
2026-07-10 10:30:00+00:00,4118.7,4119.7,4115.4,4118.3
2026-07-10 10:45:00+00:00,4118.4,4118.4,4113.2,4113.5
2026-07-10 11:00:00+00:00,4113.3,4117.1,4113.3,4115.1
2026-07-10 11:15:00+00:00,4115.6,4117.1,4108.6,4108.6
2026-07-10 11:30:00+00:00,4108.8,4116.1,4104.5,4115.5
2026-07-10 11:45:00+00:00,4115.2,4116.9,4110.8,4111.0
2026-07-10 12:00:00+00:00,4111.4,4127.0,4109.8,4123.6
2026-07-10 12:15:00+00:00,4123.9,4125.1,4111.5,4114.8
2026-07-10 12:30:00+00:00,4114.8,4115.6,4106.0,4106.7
2026-07-10 12:45:00+00:00,4106.7,4113.6,4106.4,4109.3
2026-07-10 13:00:00+00:00,4109.7,4114.8,4107.4,4113.0
2026-07-10 13:15:00+00:00,4113.2,4115.5,4093.7,4095.9
2026-07-10 13:30:00+00:00,4096.0,4111.2,4095.3,4107.2
2026-07-10 13:45:00+00:00,4107.2,4114.3,4105.9,4108.7
2026-07-10 14:00:00+00:00,4108.3,4112.2,4106.1,4108.8
2026-07-10 14:15:00+00:00,4108.8,4118.6,4106.1,4114.3
2026-07-10 14:30:00+00:00,4114.7,4116.8,4081.7,4108.5
2026-07-10 14:45:00+00:00,4108.2,4117.1,4100.7,4101.7
2026-07-10 15:00:00+00:00,4101.9,4110.0,4100.1,4106.1
2026-07-10 15:15:00+00:00,4106.9,4117.0,4106.9,4111.4
2026-07-10 15:30:00+00:00,4111.5,4116.1,4110.6,4115.3
2026-07-10 15:45:00+00:00,4115.6,4122.7,4115.0,4122.1
2026-07-10 16:00:00+00:00,4122.4,4124.0,4116.9,4119.4
2026-07-10 16:15:00+00:00,4119.5,4123.6,4116.2,4123.6
2026-07-10 16:30:00+00:00,4123.5,4124.8,4118.0,4118.3
2026-07-10 16:45:00+00:00,4118.6,4119.1,4113.3,4113.6
2026-07-10 17:00:00+00:00,4113.4,4114.6,4111.3,4112.7
2026-07-10 17:15:00+00:00,4113.0,4115.8,4112.8,4114.4
2026-07-10 17:30:00+00:00,4114.4,4115.8,4112.1,4112.8
2026-07-10 17:45:00+00:00,4112.7,4114.1,4109.4,4109.6
2026-07-10 18:00:00+00:00,4109.8,4114.3,4108.9,4113.8
2026-07-10 18:15:00+00:00,4113.9,4114.8,4111.0,4111.8
2026-07-10 18:30:00+00:00,4112.0,4112.5,4107.1,4107.7
2026-07-10 18:45:00+00:00,4107.7,4110.2,4106.8,4109.7
2026-07-10 19:00:00+00:00,4109.7,4111.1,4106.3,4110.2
2026-07-10 19:15:00+00:00,4110.2,4111.9,4109.8,4110.3
2026-07-10 19:30:00+00:00,4110.1,4112.0,4109.0,4110.9
2026-07-10 19:45:00+00:00,4111.1,4117.0,4110.8,4116.6
2026-07-10 20:00:00+00:00,4116.4,4123.4,4116.3,4120.4
2026-07-10 20:15:00+00:00,4120.2,4121.2,4119.0,4119.6
2026-07-10 20:30:00+00:00,4119.7,4120.9,4118.8,4120.3
2026-07-10 20:45:00+00:00,4120.0,4129.0,4113.7,4113.7
2026-07-12 22:00:00+00:00,4097.9,4102.2,4088.4,4089.0
2026-07-12 22:15:00+00:00,4089.4,4096.0,4087.4,4091.5
2026-07-12 22:30:00+00:00,4091.6,4094.2,4085.4,4085.6
2026-07-12 22:45:00+00:00,4086.4,4088.8,4076.8,4084.3
2026-07-12 23:00:00+00:00,4084.0,4084.1,4075.8,4078.2
2026-07-12 23:15:00+00:00,4078.2,4083.4,4076.6,4082.3
2026-07-12 23:30:00+00:00,4082.3,4087.3,4079.3,4085.8
2026-07-12 23:45:00+00:00,4085.7,4093.3,4083.7,4092.9
2026-07-13 00:00:00+00:00,4093.1,4099.7,4089.0,4095.4
2026-07-13 00:15:00+00:00,4095.8,4096.1,4082.8,4083.1
2026-07-13 00:30:00+00:00,4082.8,4083.6,4069.4,4081.9
2026-07-13 00:45:00+00:00,4082.0,4086.2,4077.2,4082.1
2026-07-13 01:00:00+00:00,4082.9,4089.9,4074.0,4088.5
2026-07-13 01:15:00+00:00,4088.2,4091.1,4079.4,4087.7
2026-07-13 01:30:00+00:00,4087.7,4098.3,4086.0,4092.5
2026-07-13 01:45:00+00:00,4093.9,4096.8,4075.3,4080.2
2026-07-13 02:00:00+00:00,4080.5,4083.0,4077.9,4080.5
2026-07-13 02:15:00+00:00,4080.0,4082.3,4074.6,4075.5
2026-07-13 02:30:00+00:00,4075.4,4085.5,4072.6,4080.7
2026-07-13 02:45:00+00:00,4080.1,4080.9,4076.2,4076.8
2026-07-13 03:00:00+00:00,4076.5,4077.2,4060.7,4065.8
2026-07-13 03:15:00+00:00,4066.2,4070.3,4065.8,4069.9
2026-07-13 03:30:00+00:00,4069.5,4070.3,4064.5,4065.1
2026-07-13 03:45:00+00:00,4065.4,4068.8,4065.3,4067.4
2026-07-13 04:00:00+00:00,4068.1,4068.1,4060.0,4061.7
2026-07-13 04:15:00+00:00,4062.2,4065.6,4057.8,4063.1
2026-07-13 04:30:00+00:00,4063.1,4065.3,4060.8,4062.0
2026-07-13 04:45:00+00:00,4062.1,4067.1,4060.1,4066.3
2026-07-13 05:00:00+00:00,4066.4,4080.9,4062.6,4077.3
2026-07-13 05:15:00+00:00,4077.6,4077.7,4065.1,4065.8
2026-07-13 05:30:00+00:00,4065.7,4073.3,4059.5,4070.9
2026-07-13 05:45:00+00:00,4070.5,4072.2,4060.7,4061.8
2026-07-13 06:00:00+00:00,4061.9,4064.3,4052.0,4058.6
2026-07-13 06:15:00+00:00,4058.7,4069.1,4058.6,4068.9
2026-07-13 06:30:00+00:00,4069.0,4071.4,4066.4,4068.0
2026-07-13 06:45:00+00:00,4067.9,4068.5,4059.7,4063.0
2026-07-13 07:00:00+00:00,4063.4,4069.3,4056.5,4063.4
2026-07-13 07:15:00+00:00,4063.7,4067.1,4063.7,4067.1
2026-07-13 07:30:00+00:00,4066.6,4071.0,4063.8,4065.0
2026-07-13 07:45:00+00:00,4065.7,4073.2,4064.0,4072.8
2026-07-13 08:00:00+00:00,4072.8,4083.6,4071.4,4082.3
2026-07-13 08:15:00+00:00,4082.2,4089.1,4081.8,4082.6
2026-07-13 08:30:00+00:00,4082.3,4084.8,4079.5,4084.6
2026-07-13 08:45:00+00:00,4084.0,4087.2,4080.9,4083.1
2026-07-13 09:00:00+00:00,4082.8,4084.4,4081.0,4082.9
2026-07-13 09:15:00+00:00,4082.9,4085.0,4079.2,4081.0
2026-07-13 09:30:00+00:00,4080.7,4082.0,4077.7,4080.8
2026-07-13 09:45:00+00:00,4080.8,4082.0,4076.0,4076.3
2026-07-13 10:00:00+00:00,4076.2,4078.4,4074.7,4075.6
2026-07-13 10:15:00+00:00,4075.5,4077.2,4071.5,4073.0
2026-07-13 10:30:00+00:00,4072.9,4076.3,4055.0,4060.7
2026-07-13 10:45:00+00:00,4060.4,4069.6,4056.4,4068.4
2026-07-13 11:00:00+00:00,4068.4,4075.8,4066.0,4071.7
2026-07-13 11:15:00+00:00,4071.9,4072.9,4066.1,4070.6
2026-07-13 11:30:00+00:00,4070.3,4076.7,4069.7,4072.8
2026-07-13 11:45:00+00:00,4073.2,4073.4,4062.6,4064.0
2026-07-13 12:00:00+00:00,4064.0,4068.5,4061.1,4064.0
2026-07-13 12:15:00+00:00,4063.6,4071.3,4063.0,4066.9
2026-07-13 12:30:00+00:00,4066.7,4071.8,4066.4,4070.5
2026-07-13 12:45:00+00:00,4070.7,4075.2,4070.7,4075.2
2026-07-13 13:00:00+00:00,4075.3,4075.5,4066.7,4069.6
2026-07-13 13:15:00+00:00,4069.6,4073.6,4066.2,4069.7
2026-07-13 13:30:00+00:00,4070.2,4071.8,4059.0,4062.6
2026-07-13 13:45:00+00:00,4062.1,4065.8,4049.0,4050.9
2026-07-13 14:00:00+00:00,4050.5,4054.5,4036.0,4043.4
2026-07-13 14:15:00+00:00,4043.2,4044.8,4009.0,4024.3
2026-07-13 14:30:00+00:00,4023.9,4024.5,4005.8,4012.5
2026-07-13 14:45:00+00:00,4012.4,4022.6,4008.4,4022.4
2026-07-13 15:00:00+00:00,4022.4,4024.9,4017.7,4021.6
2026-07-13 15:15:00+00:00,4022.1,4027.5,4020.3,4023.5
2026-07-13 15:30:00+00:00,4024.1,4025.0,4019.6,4020.5
2026-07-13 15:45:00+00:00,4020.6,4023.5,4017.5,4023.3
2026-07-13 16:00:00+00:00,4023.1,4025.5,4019.9,4021.3
2026-07-13 16:15:00+00:00,4021.1,4021.4,4007.6,4011.4
2026-07-13 16:30:00+00:00,4011.4,4012.0,3997.4,4007.6
2026-07-13 16:45:00+00:00,4007.5,4010.4,3992.9,4000.3
2026-07-13 17:00:00+00:00,4000.5,4006.2,3999.2,4004.9
2026-07-13 17:15:00+00:00,4004.9,4009.3,4003.9,4006.3
2026-07-13 17:30:00+00:00,4006.4,4008.5,4003.5,4004.3
2026-07-13 17:45:00+00:00,4005.3,4006.7,3999.4,4000.6
2026-07-13 18:00:00+00:00,4000.7,4002.4,3996.3,4000.8
2026-07-13 18:15:00+00:00,4001.0,4003.9,3993.6,4002.3
2026-07-13 18:30:00+00:00,4002.5,4008.0,4000.9,4007.4
2026-07-13 18:45:00+00:00,4007.4,4012.7,4005.3,4008.5
2026-07-13 19:00:00+00:00,4008.8,4011.6,4004.8,4005.5
2026-07-13 19:15:00+00:00,4005.4,4007.8,4003.9,4005.4
2026-07-13 19:30:00+00:00,4005.2,4007.5,4000.5,4006.7
2026-07-13 19:45:00+00:00,4006.2,4009.9,4004.2,4009.3
2026-07-13 20:00:00+00:00,4009.4,4013.6,4005.8,4005.8
2026-07-13 20:15:00+00:00,4006.3,4007.6,4002.8,4007.6
2026-07-13 20:30:00+00:00,4007.3,4007.7,4004.1,4007.0
2026-07-13 20:45:00+00:00,4007.0,4009.4,4005.0,4008.7
2026-07-13 22:00:00+00:00,4005.9,4015.5,4005.8,4011.0
2026-07-13 22:15:00+00:00,4011.0,4012.8,4010.8,4011.1
2026-07-13 22:30:00+00:00,4011.0,4012.5,4009.6,4010.9
2026-07-13 22:45:00+00:00,4010.3,4012.5,4007.4,4007.4
2026-07-13 23:00:00+00:00,4007.7,4009.9,4006.2,4007.3
2026-07-13 23:15:00+00:00,4007.3,4007.5,4003.9,4004.3
2026-07-13 23:30:00+00:00,4004.0,4004.2,4000.0,4002.5
2026-07-13 23:45:00+00:00,4001.7,4008.9,3999.1,4007.9
2026-07-14 00:00:00+00:00,4008.6,4011.8,3990.4,4002.7
2026-07-14 00:15:00+00:00,4002.0,4003.8,3992.6,4001.8
2026-07-14 00:30:00+00:00,4002.5,4014.3,4001.4,4009.8
2026-07-14 00:45:00+00:00,4010.4,4014.1,4007.8,4011.6
2026-07-14 01:00:00+00:00,4010.8,4010.9,3998.6,4001.8
2026-07-14 01:15:00+00:00,4001.9,4011.6,4001.8,4004.4
2026-07-14 01:30:00+00:00,4004.1,4010.4,3999.8,4008.6
2026-07-14 01:45:00+00:00,4008.5,4019.0,4005.7,4017.0
2026-07-14 02:00:00+00:00,4017.5,4024.3,4012.7,4023.5
2026-07-14 02:15:00+00:00,4022.8,4025.5,4020.2,4024.2
2026-07-14 02:30:00+00:00,4024.4,4025.7,4017.4,4017.8
2026-07-14 02:45:00+00:00,4017.7,4020.8,4015.9,4019.2
2026-07-14 03:00:00+00:00,4019.1,4023.5,4018.5,4020.9
2026-07-14 03:15:00+00:00,4020.2,4025.3,4017.5,4024.0
2026-07-14 03:30:00+00:00,4024.6,4025.7,4020.2,4021.9
2026-07-14 03:45:00+00:00,4022.1,4024.6,4021.1,4022.6
2026-07-14 04:00:00+00:00,4023.7,4025.4,4019.9,4022.2
2026-07-14 04:15:00+00:00,4022.3,4023.8,4020.3,4022.2
2026-07-14 04:30:00+00:00,4022.3,4029.7,4022.1,4027.0
2026-07-14 04:45:00+00:00,4026.9,4027.9,4022.4,4026.7
2026-07-14 05:00:00+00:00,4027.2,4030.6,4026.2,4029.7
2026-07-14 05:15:00+00:00,4029.8,4030.6,4026.5,4029.2
2026-07-14 05:30:00+00:00,4029.3,4040.4,4029.0,4038.4
2026-07-14 05:45:00+00:00,4038.5,4039.3,4035.3,4037.8
2026-07-14 06:00:00+00:00,4037.7,4039.5,4034.7,4037.3
2026-07-14 06:15:00+00:00,4036.6,4037.3,4029.1,4029.4
2026-07-14 06:30:00+00:00,4029.4,4032.6,4028.0,4031.5
2026-07-14 06:45:00+00:00,4031.9,4033.5,4029.6,4030.4
2026-07-14 07:00:00+00:00,4030.6,4035.2,4027.2,4031.1
2026-07-14 07:15:00+00:00,4031.1,4036.4,4031.1,4033.1
2026-07-14 07:30:00+00:00,4033.1,4036.1,4029.4,4029.9
2026-07-14 07:45:00+00:00,4030.1,4033.0,4026.5,4027.3
2026-07-14 08:00:00+00:00,4027.3,4029.1,4020.8,4023.8
2026-07-14 08:15:00+00:00,4024.3,4030.1,4024.0,4028.5
2026-07-14 08:30:00+00:00,4028.3,4031.1,4025.3,4025.9
2026-07-14 08:45:00+00:00,4026.2,4027.6,4022.4,4022.6
2026-07-14 09:00:00+00:00,4022.4,4031.2,4020.4,4027.7
2026-07-14 09:15:00+00:00,4027.6,4028.5,4021.5,4022.4
2026-07-14 09:30:00+00:00,4022.2,4024.9,4020.1,4024.3
2026-07-14 09:45:00+00:00,4023.7,4030.9,4023.3,4028.7
2026-07-14 10:00:00+00:00,4028.6,4029.5,4023.7,4025.0
2026-07-14 10:15:00+00:00,4025.1,4027.1,4022.2,4025.1
2026-07-14 10:30:00+00:00,4024.8,4026.7,4021.9,4025.9
2026-07-14 10:45:00+00:00,4025.5,4029.6,4024.7,4028.2
2026-07-14 11:00:00+00:00,4028.2,4030.7,4022.1,4030.1
2026-07-14 11:15:00+00:00,4029.4,4035.3,4027.5,4032.3
2026-07-14 11:30:00+00:00,4032.0,4037.7,4031.6,4035.2
2026-07-14 11:45:00+00:00,4035.2,4039.0,4032.9,4038.1
2026-07-14 12:00:00+00:00,4038.5,4042.9,4031.7,4032.4
2026-07-14 12:15:00+00:00,4032.6,4037.6,4029.8,4036.0
2026-07-14 12:30:00+00:00,4036.1,4112.5,4036.0,4101.1
2026-07-14 12:45:00+00:00,4101.3,4103.3,4076.2,4083.9
2026-07-14 13:00:00+00:00,4084.0,4091.4,4078.2,4082.2
2026-07-14 13:15:00+00:00,4082.2,4093.6,4079.1,4089.1
2026-07-14 13:30:00+00:00,4089.2,4096.4,4083.3,4095.4
2026-07-14 13:45:00+00:00,4095.1,4095.1,4081.6,4084.0
2026-07-14 14:00:00+00:00,4084.0,4092.7,4080.0,4089.8
2026-07-14 14:15:00+00:00,4089.6,4092.5,4077.9,4084.2
2026-07-14 14:30:00+00:00,4084.5,4098.4,4080.4,4086.7
2026-07-14 14:45:00+00:00,4087.4,4095.2,4085.5,4093.0
2026-07-14 15:00:00+00:00,4093.0,4108.7,4086.1,4097.9
2026-07-14 15:15:00+00:00,4097.7,4098.8,4089.6,4092.2
2026-07-14 15:30:00+00:00,4092.0,4094.3,4073.5,4081.0
2026-07-14 15:45:00+00:00,4080.7,4083.5,4071.3,4073.1
2026-07-14 16:00:00+00:00,4073.2,4073.8,4063.4,4070.1
2026-07-14 16:15:00+00:00,4069.7,4072.3,4064.9,4066.1
2026-07-14 16:30:00+00:00,4066.2,4069.9,4064.1,4067.8
2026-07-14 16:45:00+00:00,4067.7,4069.2,4064.4,4068.3
2026-07-14 17:00:00+00:00,4068.8,4071.7,4061.8,4063.5
2026-07-14 17:15:00+00:00,4063.2,4071.0,4061.1,4069.7
2026-07-14 17:30:00+00:00,4069.6,4072.2,4066.3,4066.7
2026-07-14 17:45:00+00:00,4066.8,4070.6,4065.0,4070.1
2026-07-14 18:00:00+00:00,4069.5,4069.6,4066.5,4068.5
2026-07-14 18:15:00+00:00,4068.4,4070.2,4063.5,4065.4
2026-07-14 18:30:00+00:00,4065.1,4066.5,4049.2,4053.1
2026-07-14 18:45:00+00:00,4052.7,4061.3,4051.1,4060.7
2026-07-14 19:00:00+00:00,4060.3,4064.1,4059.1,4063.3
2026-07-14 19:15:00+00:00,4063.2,4063.9,4057.8,4058.1
2026-07-14 19:30:00+00:00,4058.3,4059.6,4054.2,4059.0
2026-07-14 19:45:00+00:00,4059.5,4063.5,4058.0,4062.1
2026-07-14 20:00:00+00:00,4062.1,4063.1,4060.4,4060.5
2026-07-14 20:15:00+00:00,4060.5,4060.9,4058.7,4059.4
2026-07-14 20:30:00+00:00,4059.8,4060.0,4056.0,4057.1
2026-07-14 20:45:00+00:00,4056.7,4059.5,4055.5,4058.3
2026-07-14 22:00:00+00:00,4059.8,4060.0,4054.8,4056.9
2026-07-14 22:15:00+00:00,4056.6,4058.0,4054.8,4058.0
2026-07-14 22:30:00+00:00,4057.5,4058.9,4054.8,4056.6
2026-07-14 22:45:00+00:00,4056.8,4056.9,4054.3,4055.1
2026-07-14 23:00:00+00:00,4054.8,4056.5,4053.1,4053.8
2026-07-14 23:15:00+00:00,4054.2,4060.0,4052.7,4059.9
2026-07-14 23:30:00+00:00,4060.0,4062.4,4057.5,4061.0
2026-07-14 23:45:00+00:00,4061.0,4061.5,4058.2,4058.8
2026-07-15 00:00:00+00:00,4059.0,4062.6,4057.1,4057.3
2026-07-15 00:15:00+00:00,4057.7,4064.9,4057.5,4064.7
2026-07-15 00:30:00+00:00,4065.0,4065.2,4058.7,4060.9
2026-07-15 00:45:00+00:00,4060.7,4067.2,4060.5,4065.1
2026-07-15 01:00:00+00:00,4066.3,4068.6,4061.3,4062.3
2026-07-15 01:15:00+00:00,4062.0,4063.5,4059.0,4061.0
2026-07-15 01:30:00+00:00,4061.0,4061.2,4042.5,4044.8
2026-07-15 01:45:00+00:00,4045.4,4048.6,4041.2,4042.9
2026-07-15 02:00:00+00:00,4043.0,4048.2,4039.6,4043.2
2026-07-15 02:15:00+00:00,4042.2,4042.9,4035.3,4039.2
2026-07-15 02:30:00+00:00,4039.3,4048.3,4038.7,4048.2
2026-07-15 02:45:00+00:00,4048.1,4048.4,4040.8,4041.7
2026-07-15 03:00:00+00:00,4041.3,4046.6,4038.9,4040.5
2026-07-15 03:15:00+00:00,4040.0,4041.3,4036.2,4036.6
2026-07-15 03:30:00+00:00,4036.8,4042.0,4033.9,4035.5
2026-07-15 03:45:00+00:00,4035.3,4039.6,4035.3,4037.9
2026-07-15 04:00:00+00:00,4036.9,4039.3,4036.0,4037.4
2026-07-15 04:15:00+00:00,4037.4,4041.2,4036.8,4039.9
2026-07-15 04:30:00+00:00,4039.9,4041.3,4034.2,4036.1
2026-07-15 04:45:00+00:00,4036.6,4040.6,4036.6,4039.1
2026-07-15 05:00:00+00:00,4039.5,4042.2,4031.1,4032.2
2026-07-15 05:15:00+00:00,4032.5,4035.1,4030.8,4031.3
2026-07-15 05:30:00+00:00,4031.5,4044.7,4028.0,4035.5
2026-07-15 05:45:00+00:00,4036.0,4041.9,4033.4,4041.0
2026-07-15 06:00:00+00:00,4040.9,4041.7,4033.0,4033.6
2026-07-15 06:15:00+00:00,4033.6,4034.5,4027.1,4032.5
2026-07-15 06:30:00+00:00,4032.4,4039.2,4028.8,4038.7
2026-07-15 06:45:00+00:00,4038.4,4040.0,4035.8,4038.0
2026-07-15 07:00:00+00:00,4038.2,4040.6,4034.1,4035.8
2026-07-15 07:15:00+00:00,4035.5,4036.1,4025.8,4029.8
2026-07-15 07:30:00+00:00,4029.8,4033.0,4025.6,4028.6
2026-07-15 07:45:00+00:00,4029.0,4032.7,4027.3,4030.7
2026-07-15 08:00:00+00:00,4030.7,4031.9,4023.3,4023.8
2026-07-15 08:15:00+00:00,4023.7,4033.2,4023.7,4032.7
2026-07-15 08:30:00+00:00,4032.6,4035.5,4030.8,4035.0
2026-07-15 08:45:00+00:00,4034.9,4039.5,4033.6,4037.7
2026-07-15 09:00:00+00:00,4037.7,4040.7,4035.7,4036.3
2026-07-15 09:15:00+00:00,4036.7,4038.7,4032.9,4033.5
2026-07-15 09:30:00+00:00,4033.2,4035.8,4031.5,4033.4
2026-07-15 09:45:00+00:00,4033.0,4036.4,4032.1,4036.3
2026-07-15 10:00:00+00:00,4036.4,4042.4,4034.9,4040.2
2026-07-15 10:15:00+00:00,4040.1,4041.5,4032.1,4034.6
2026-07-15 10:30:00+00:00,4034.6,4040.0,4034.3,4037.2
2026-07-15 10:45:00+00:00,4036.8,4037.3,4033.1,4034.3
2026-07-15 11:00:00+00:00,4033.9,4039.0,4033.9,4036.2
2026-07-15 11:15:00+00:00,4036.6,4037.5,4033.7,4036.8
2026-07-15 11:30:00+00:00,4036.6,4045.5,4035.4,4043.8
2026-07-15 11:45:00+00:00,4043.8,4046.5,4041.7,4044.5
2026-07-15 12:00:00+00:00,4044.9,4048.7,4041.8,4044.1
2026-07-15 12:15:00+00:00,4044.5,4047.2,4043.5,4045.3
2026-07-15 12:30:00+00:00,4045.1,4073.0,4045.1,4069.8
2026-07-15 12:45:00+00:00,4070.1,4078.2,4067.6,4074.6
2026-07-15 13:00:00+00:00,4074.7,4080.7,4067.7,4067.7
2026-07-15 13:15:00+00:00,4067.8,4072.6,4060.5,4062.1
2026-07-15 13:30:00+00:00,4062.2,4069.7,4061.9,4067.7
2026-07-15 13:45:00+00:00,4068.0,4073.1,4061.7,4068.5
2026-07-15 14:00:00+00:00,4068.7,4072.5,4066.8,4070.8
2026-07-15 14:15:00+00:00,4071.3,4073.0,4061.8,4065.0
2026-07-15 14:30:00+00:00,4065.0,4070.6,4063.5,4063.7
2026-07-15 14:45:00+00:00,4063.8,4067.5,4059.5,4067.2
2026-07-15 15:00:00+00:00,4067.4,4069.6,4049.5,4050.7
2026-07-15 15:15:00+00:00,4050.3,4056.5,4045.9,4055.8
2026-07-15 15:30:00+00:00,4056.0,4057.0,4051.3,4056.7
2026-07-15 15:45:00+00:00,4056.0,4057.5,4052.8,4053.2
2026-07-15 16:00:00+00:00,4053.4,4054.4,4043.8,4044.8
2026-07-15 16:15:00+00:00,4044.6,4047.4,4039.2,4041.3
2026-07-15 16:30:00+00:00,4041.0,4043.6,4033.0,4035.0
2026-07-15 16:45:00+00:00,4034.8,4044.5,4033.7,4040.3
2026-07-15 17:00:00+00:00,4040.4,4045.9,4039.8,4042.4
2026-07-15 17:15:00+00:00,4042.3,4055.0,4039.7,4054.2
2026-07-15 17:30:00+00:00,4053.9,4069.9,4053.6,4069.1
2026-07-15 17:45:00+00:00,4069.1,4073.7,4066.8,4068.7
2026-07-15 18:00:00+00:00,4069.2,4077.6,4068.6,4074.8
2026-07-15 18:15:00+00:00,4075.6,4082.8,4074.0,4081.3
2026-07-15 18:30:00+00:00,4081.7,4089.1,4074.8,4075.0
2026-07-15 18:45:00+00:00,4075.0,4076.0,4065.2,4066.3
2026-07-15 19:00:00+00:00,4066.3,4069.9,4064.4,4068.2
2026-07-15 19:15:00+00:00,4068.2,4068.7,4059.9,4063.6
2026-07-15 19:30:00+00:00,4063.8,4065.1,4055.2,4058.5
2026-07-15 19:45:00+00:00,4058.5,4064.2,4058.0,4064.0
2026-07-15 20:00:00+00:00,4063.7,4065.3,4062.3,4064.0
2026-07-15 20:15:00+00:00,4064.0,4069.0,4064.0,4068.0
2026-07-15 20:30:00+00:00,4068.3,4069.8,4067.0,4068.6
2026-07-15 20:45:00+00:00,4068.3,4069.7,4066.5,4066.9
2026-07-15 22:00:00+00:00,4068.9,4071.9,4066.6,4069.5
2026-07-15 22:15:00+00:00,4069.3,4070.3,4067.2,4068.0
2026-07-15 22:30:00+00:00,4068.3,4068.3,4064.6,4066.1
2026-07-15 22:45:00+00:00,4066.4,4067.2,4063.8,4065.6
2026-07-15 23:00:00+00:00,4065.8,4068.0,4064.8,4066.2
2026-07-15 23:15:00+00:00,4066.3,4066.3,4062.6,4063.6
2026-07-15 23:30:00+00:00,4063.8,4065.1,4061.1,4063.5
2026-07-15 23:45:00+00:00,4063.2,4066.5,4061.8,4063.6
2026-07-16 00:00:00+00:00,4063.8,4065.2,4060.4,4062.3
2026-07-16 00:15:00+00:00,4061.7,4066.1,4060.5,4065.0
2026-07-16 00:30:00+00:00,4064.0,4067.1,4059.6,4061.3
2026-07-16 00:45:00+00:00,4060.8,4067.0,4049.2,4050.4
2026-07-16 01:00:00+00:00,4050.3,4056.6,4046.8,4051.0
2026-07-16 01:15:00+00:00,4051.1,4051.2,4039.4,4042.7
2026-07-16 01:30:00+00:00,4042.4,4051.6,4042.4,4047.6
2026-07-16 01:45:00+00:00,4047.7,4049.3,4042.5,4044.2
2026-07-16 02:00:00+00:00,4044.5,4045.3,4036.5,4037.7
2026-07-16 02:15:00+00:00,4037.6,4040.4,4034.1,4040.2
2026-07-16 02:30:00+00:00,4040.2,4041.3,4029.4,4033.0
2026-07-16 02:45:00+00:00,4033.0,4038.1,4030.0,4036.9
2026-07-16 03:00:00+00:00,4036.8,4038.6,4034.8,4035.3
2026-07-16 03:15:00+00:00,4035.5,4039.7,4033.0,4039.7
2026-07-16 03:30:00+00:00,4039.7,4041.6,4037.9,4040.9
2026-07-16 03:45:00+00:00,4040.6,4042.2,4039.4,4040.7
2026-07-16 04:00:00+00:00,4041.8,4043.1,4037.1,4042.0
2026-07-16 04:15:00+00:00,4041.9,4041.9,4037.0,4039.1
2026-07-16 04:30:00+00:00,4039.3,4040.3,4037.0,4037.9
2026-07-16 04:45:00+00:00,4037.4,4040.5,4037.3,4038.3
2026-07-16 05:00:00+00:00,4038.2,4038.9,4034.4,4034.8
2026-07-16 05:15:00+00:00,4051.8,4051.8,4031.6,4032.7
2026-07-16 05:30:00+00:00,4032.6,4038.5,4030.3,4037.6
2026-07-16 05:45:00+00:00,4037.8,4038.1,4030.9,4032.2
2026-07-16 06:00:00+00:00,4032.4,4041.5,4032.4,4037.2
2026-07-16 06:15:00+00:00,4037.5,4038.1,4032.7,4035.3
2026-07-16 06:30:00+00:00,4035.1,4035.7,4027.7,4032.1
2026-07-16 06:45:00+00:00,4031.8,4036.6,4031.4,4035.8
2026-07-16 07:00:00+00:00,4035.6,4035.8,4030.8,4031.5
2026-07-16 07:15:00+00:00,4031.2,4031.8,4028.7,4029.5
2026-07-16 07:30:00+00:00,4029.1,4033.2,4027.8,4031.4
2026-07-16 07:45:00+00:00,4031.4,4037.1,4031.1,4036.1
2026-07-16 08:00:00+00:00,4035.5,4039.3,4030.1,4030.9
2026-07-16 08:15:00+00:00,4030.8,4038.4,4030.0,4036.9
2026-07-16 08:30:00+00:00,4037.0,4040.7,4036.9,4038.7
2026-07-16 08:45:00+00:00,4039.3,4041.7,4038.3,4040.3
2026-07-16 09:00:00+00:00,4040.6,4042.6,4040.4,4042.1
2026-07-16 09:15:00+00:00,4042.3,4043.2,4036.0,4038.1
2026-07-16 09:30:00+00:00,4038.4,4040.7,4035.7,4039.7
2026-07-16 09:45:00+00:00,4040.1,4042.1,4037.2,4037.4
2026-07-16 10:00:00+00:00,4037.2,4038.3,4035.0,4037.1
2026-07-16 10:15:00+00:00,4037.4,4040.1,4036.9,4038.7
2026-07-16 10:30:00+00:00,4039.2,4040.1,4037.0,4038.6
2026-07-16 10:45:00+00:00,4038.7,4038.7,4034.4,4035.1
2026-07-16 11:00:00+00:00,4035.2,4035.8,4031.4,4033.3
2026-07-16 11:15:00+00:00,4033.1,4033.1,4026.2,4029.4
2026-07-16 11:30:00+00:00,4029.4,4041.7,4028.5,4040.6
2026-07-16 11:45:00+00:00,4040.9,4048.4,4032.8,4044.1
2026-07-16 12:00:00+00:00,4044.4,4048.7,4032.7,4036.9
2026-07-16 12:15:00+00:00,4036.8,4037.4,4017.4,4030.2
2026-07-16 12:30:00+00:00,4030.3,4034.5,4004.8,4007.1
2026-07-16 12:45:00+00:00,4006.9,4013.3,3994.2,3996.4
2026-07-16 13:00:00+00:00,3996.3,4001.1,3977.1,3996.0
2026-07-16 13:15:00+00:00,3996.3,4010.5,3995.4,4009.8
2026-07-16 13:30:00+00:00,4010.1,4012.6,3985.5,3990.3
2026-07-16 13:45:00+00:00,3990.1,4001.1,3990.0,3994.0
2026-07-16 14:00:00+00:00,3993.9,4001.6,3991.2,3992.8
2026-07-16 14:15:00+00:00,3993.1,4005.0,3991.6,4004.0
2026-07-16 14:30:00+00:00,4003.3,4009.4,3999.8,4009.2
2026-07-16 14:45:00+00:00,4009.4,4011.0,3996.5,4002.0
2026-07-16 15:00:00+00:00,4002.2,4002.7,3993.3,3997.0
2026-07-16 15:15:00+00:00,3996.8,4021.8,3996.8,4015.5
2026-07-16 15:30:00+00:00,4015.8,4021.2,4011.7,4014.6
2026-07-16 15:45:00+00:00,4015.1,4017.7,4009.9,4011.8
2026-07-16 16:00:00+00:00,4011.4,4012.3,3993.9,3993.9
2026-07-16 16:15:00+00:00,3993.8,3996.0,3986.5,3991.5
2026-07-16 16:30:00+00:00,3992.0,3996.8,3991.3,3996.3
2026-07-16 16:45:00+00:00,3996.0,4001.4,3993.5,3996.4
2026-07-16 17:00:00+00:00,3996.7,3997.3,3988.9,3989.9
2026-07-16 17:15:00+00:00,3990.3,3993.5,3987.2,3992.3
2026-07-16 17:30:00+00:00,3992.1,3993.3,3983.9,3985.9
2026-07-16 17:45:00+00:00,3986.1,3992.2,3985.3,3989.5
2026-07-16 18:00:00+00:00,3989.7,3994.1,3988.3,3990.0
2026-07-16 18:15:00+00:00,3989.8,3995.2,3988.9,3991.4
2026-07-16 18:30:00+00:00,3991.1,3991.1,3981.0,3987.7
2026-07-16 18:45:00+00:00,3987.5,3989.7,3983.9,3984.7
2026-07-16 19:00:00+00:00,3984.9,3990.8,3983.3,3985.1
2026-07-16 19:15:00+00:00,3984.8,3988.9,3983.0,3983.6
2026-07-16 19:30:00+00:00,3983.8,3984.0,3973.4,3980.2
2026-07-16 19:45:00+00:00,3979.7,3986.9,3977.2,3984.6
2026-07-16 20:00:00+00:00,3984.8,3984.8,3978.7,3979.3
2026-07-16 20:15:00+00:00,3978.9,3979.7,3976.2,3979.0
2026-07-16 20:30:00+00:00,3979.3,3980.5,3977.6,3978.5
2026-07-16 20:45:00+00:00,3978.5,3981.0,3978.2,3979.9
2026-07-16 22:00:00+00:00,3980.1,3984.1,3979.1,3979.4
2026-07-16 22:15:00+00:00,3980.1,3981.2,3978.2,3979.9
2026-07-16 22:30:00+00:00,3980.2,3980.6,3976.8,3977.4
2026-07-16 22:45:00+00:00,3977.1,3982.2,3976.9,3982.1
2026-07-16 23:00:00+00:00,3982.1,3984.0,3978.6,3983.6
2026-07-16 23:15:00+00:00,3983.3,3984.3,3981.3,3982.5
2026-07-16 23:30:00+00:00,3981.9,3985.7,3979.0,3984.9
2026-07-16 23:45:00+00:00,3984.9,3989.9,3980.2,3989.2
2026-07-17 00:00:00+00:00,3989.5,3991.1,3986.8,3987.1
2026-07-17 00:15:00+00:00,3987.8,3994.3,3987.2,3988.2
2026-07-17 00:30:00+00:00,3988.0,3988.4,3983.8,3985.5
2026-07-17 00:45:00+00:00,3985.7,3995.9,3985.3,3995.9
2026-07-17 01:00:00+00:00,3996.0,3999.0,3991.2,3996.0
2026-07-17 01:15:00+00:00,3995.8,4000.1,3991.5,3994.9
2026-07-17 01:30:00+00:00,3993.7,3999.1,3992.0,3994.7
2026-07-17 01:45:00+00:00,3994.7,3996.1,3982.7,3986.5
2026-07-17 02:00:00+00:00,3987.0,3991.1,3983.3,3984.5
2026-07-17 02:15:00+00:00,3984.2,3987.9,3984.1,3986.6
2026-07-17 02:30:00+00:00,3986.1,3987.4,3974.1,3978.4
2026-07-17 02:45:00+00:00,3978.0,3983.4,3977.7,3982.2
2026-07-17 03:00:00+00:00,3982.5,3996.8,3982.2,3992.2
2026-07-17 03:15:00+00:00,3992.2,4012.2,3992.2,4005.1
2026-07-17 03:30:00+00:00,4004.8,4005.3,3999.7,4000.9
2026-07-17 03:45:00+00:00,4001.3,4002.2,3994.0,3995.7
2026-07-17 04:00:00+00:00,3995.0,3995.1,3990.2,3992.1
2026-07-17 04:15:00+00:00,3992.2,3993.4,3988.3,3989.5
2026-07-17 04:30:00+00:00,3989.6,3991.6,3983.1,3984.8
2026-07-17 04:45:00+00:00,3985.5,3987.9,3983.5,3985.0
2026-07-17 05:00:00+00:00,3984.8,3986.0,3980.2,3983.0
2026-07-17 05:15:00+00:00,3982.5,3985.2,3978.4,3982.9
2026-07-17 05:30:00+00:00,3983.0,3994.0,3981.5,3990.5
2026-07-17 05:45:00+00:00,3990.1,3995.3,3985.2,3988.6
2026-07-17 06:00:00+00:00,3988.6,4004.5,3988.5,4003.6
2026-07-17 06:15:00+00:00,4003.6,4009.7,4001.4,4007.5
2026-07-17 06:30:00+00:00,4007.2,4010.7,3999.3,4000.0
2026-07-17 06:45:00+00:00,3999.8,4005.3,3999.8,4003.1
2026-07-17 07:00:00+00:00,4003.1,4006.6,3997.1,4000.3
2026-07-17 07:15:00+00:00,4000.3,4003.2,3998.0,4000.0
2026-07-17 07:30:00+00:00,4000.4,4002.5,3998.0,4002.5
2026-07-17 07:45:00+00:00,4002.5,4002.6,3996.7,3997.0
2026-07-17 08:00:00+00:00,3996.6,4003.8,3995.1,3996.8
2026-07-17 08:15:00+00:00,3996.8,3999.2,3992.0,3996.3
2026-07-17 08:30:00+00:00,3996.3,3997.2,3991.3,3996.9
2026-07-17 08:45:00+00:00,3996.8,4003.4,3995.6,3998.4
2026-07-17 09:00:00+00:00,3997.9,4002.5,3996.8,4002.1
2026-07-17 09:15:00+00:00,4002.1,4006.5,3999.8,4002.9
2026-07-17 09:30:00+00:00,4003.4,4003.8,3999.1,3999.5
2026-07-17 09:45:00+00:00,3999.9,4002.4,3998.6,4001.8
2026-07-17 10:00:00+00:00,4001.7,4002.4,3998.8,4000.8
2026-07-17 10:15:00+00:00,4001.1,4002.9,3998.0,3999.6
2026-07-17 10:30:00+00:00,3999.8,4000.9,3997.2,4000.0
2026-07-17 10:45:00+00:00,3999.8,4000.9,3994.1,3994.4
2026-07-17 11:00:00+00:00,3994.5,3997.9,3993.7,3995.5
2026-07-17 11:15:00+00:00,3995.3,4000.1,3993.6,3999.4
2026-07-17 11:30:00+00:00,3999.8,4000.3,3995.1,3995.8
2026-07-17 11:45:00+00:00,3995.7,4002.7,3995.2,3997.9
2026-07-17 12:00:00+00:00,3998.2,3999.6,3991.8,3993.3
2026-07-17 12:15:00+00:00,3994.2,3995.9,3987.8,3990.8
2026-07-17 12:30:00+00:00,3991.0,3991.8,3968.6,3973.3
2026-07-17 12:45:00+00:00,3973.0,3977.0,3967.7,3969.5
2026-07-17 13:00:00+00:00,3970.1,3979.6,3963.0,3974.2
2026-07-17 13:15:00+00:00,3973.5,3978.7,3970.7,3971.9
2026-07-17 13:30:00+00:00,3971.9,4007.9,3967.1,3988.5
2026-07-17 13:45:00+00:00,3989.0,4001.4,3984.8,4001.4
2026-07-17 14:00:00+00:00,4000.7,4005.1,3994.2,3999.2
2026-07-17 14:15:00+00:00,3999.1,4008.9,3997.6,4002.7
2026-07-17 14:30:00+00:00,4002.8,4003.9,3996.3,4002.3
2026-07-17 14:45:00+00:00,4002.1,4005.8,3997.2,4005.5
2026-07-17 15:00:00+00:00,4005.5,4019.4,4002.0,4009.7
2026-07-17 15:15:00+00:00,4010.3,4018.1,4009.0,4018.1
2026-07-17 15:30:00+00:00,4017.9,4021.2,4013.6,4020.2
2026-07-17 15:45:00+00:00,4020.3,4026.1,4018.5,4024.1
2026-07-17 16:00:00+00:00,4024.4,4025.2,4016.0,4022.7
2026-07-17 16:15:00+00:00,4022.9,4028.9,4021.9,4023.8
2026-07-17 16:30:00+00:00,4023.8,4024.1,4017.5,4022.3
2026-07-17 16:45:00+00:00,4022.1,4025.4,4019.4,4019.6
2026-07-17 17:00:00+00:00,4020.0,4024.0,4018.1,4018.4
2026-07-17 17:15:00+00:00,4018.1,4020.8,4017.0,4018.7
2026-07-17 17:30:00+00:00,4018.7,4019.5,4014.7,4016.0
2026-07-17 17:45:00+00:00,4015.7,4018.3,4012.9,4014.8
2026-07-17 18:00:00+00:00,4014.9,4017.9,4012.5,4015.5
2026-07-17 18:15:00+00:00,4015.3,4021.1,4014.1,4020.7
2026-07-17 18:30:00+00:00,4020.3,4021.3,4012.0,4013.0
2026-07-17 18:45:00+00:00,4013.1,4017.2,4011.6,4016.1
2026-07-17 19:00:00+00:00,4016.4,4016.4,4008.9,4010.8
2026-07-17 19:15:00+00:00,4010.5,4011.3,4006.8,4009.9
2026-07-17 19:30:00+00:00,4009.9,4014.8,4009.6,4014.7
2026-07-17 19:45:00+00:00,4014.9,4020.9,4013.9,4019.9
2026-07-17 20:00:00+00:00,4019.9,4020.3,4016.3,4016.8
2026-07-17 20:15:00+00:00,4016.9,4017.1,4013.5,4015.4
2026-07-17 20:30:00+00:00,4015.7,4018.1,4013.2,4017.7
2026-07-17 20:45:00+00:00,4017.7,4023.0,4017.5,4018.8
2026-07-19 22:00:00+00:00,4001.0,4001.8,3999.7,4000.3
2026-07-19 22:15:00+00:00,4000.0,4004.4,3998.3,3998.8
2026-07-19 22:30:00+00:00,3998.0,4002.8,3996.9,4000.6
2026-07-19 22:45:00+00:00,4000.8,4002.3,3997.9,3997.9
2026-07-19 23:00:00+00:00,3999.3,3999.3,3994.3,3994.5
2026-07-19 23:15:00+00:00,3995.0,3998.0,3993.8,3996.7
2026-07-19 23:30:00+00:00,3996.5,3998.0,3993.5,3996.0
2026-07-19 23:45:00+00:00,3996.5,4000.1,3993.0,3999.2
2026-07-20 00:00:00+00:00,3999.6,4003.1,3986.5,4000.0
2026-07-20 00:15:00+00:00,4000.1,4010.1,3997.8,4008.6
2026-07-20 00:30:00+00:00,4008.4,4011.8,4002.4,4002.9
2026-07-20 00:45:00+00:00,4003.5,4014.5,4002.8,4013.7
2026-07-20 01:00:00+00:00,4013.5,4025.7,4009.9,4014.3
2026-07-20 01:15:00+00:00,4014.9,4014.9,4004.1,4007.5
2026-07-20 01:30:00+00:00,4007.3,4010.4,4000.1,4001.5
2026-07-20 01:45:00+00:00,4001.6,4008.8,4001.6,4007.0
2026-07-20 02:00:00+00:00,4007.3,4014.7,4006.0,4011.3
2026-07-20 02:15:00+00:00,4011.5,4013.4,4008.8,4011.5
2026-07-20 02:30:00+00:00,4011.4,4021.1,4010.7,4019.8
2026-07-20 02:45:00+00:00,4019.6,4034.2,4019.0,4027.1
2026-07-20 03:00:00+00:00,4026.7,4029.1,4023.5,4029.0
2026-07-20 03:15:00+00:00,4028.8,4031.7,4026.7,4027.5
2026-07-20 03:30:00+00:00,4027.6,4032.7,4023.9,4031.6
2026-07-20 03:45:00+00:00,4032.2,4032.5,4027.8,4027.8
2026-07-20 04:00:00+00:00,4028.7,4031.3,4025.9,4025.9
2026-07-20 04:15:00+00:00,4025.9,4029.9,4025.9,4029.8
2026-07-20 04:30:00+00:00,4029.8,4029.8,4026.6,4028.0
2026-07-20 04:45:00+00:00,4027.0,4027.1,4022.6,4022.8
2026-07-20 05:00:00+00:00,4023.3,4025.1,4015.9,4018.2
2026-07-20 05:15:00+00:00,4018.5,4019.2,4013.6,4014.5
2026-07-20 05:30:00+00:00,4014.7,4018.7,4012.0,4015.0
2026-07-20 05:45:00+00:00,4013.0,4014.7,4009.5,4012.3
2026-07-20 06:00:00+00:00,4012.4,4015.9,4011.0,4011.7
2026-07-20 06:15:00+00:00,4011.6,4013.9,4008.1,4009.9
2026-07-20 06:30:00+00:00,4009.1,4011.0,4007.0,4009.0
2026-07-20 06:45:00+00:00,4009.1,4011.9,4007.5,4008.2
2026-07-20 07:00:00+00:00,4008.0,4011.3,4006.5,4008.5
2026-07-20 07:15:00+00:00,4008.7,4013.2,4006.6,4011.3
2026-07-20 07:30:00+00:00,4011.4,4025.9,4011.3,4025.9
2026-07-20 07:45:00+00:00,4026.0,4026.7,4020.7,4022.0
2026-07-20 08:00:00+00:00,4022.2,4030.6,4022.2,4029.0
2026-07-20 08:15:00+00:00,4029.0,4035.5,4026.8,4027.1
2026-07-20 08:30:00+00:00,4026.7,4029.5,4023.6,4026.3
2026-07-20 08:45:00+00:00,4026.5,4027.1,4021.8,4023.3
2026-07-20 09:00:00+00:00,4023.0,4025.3,4019.2,4023.4
2026-07-20 09:15:00+00:00,4023.6,4026.2,4019.6,4020.3
2026-07-20 09:30:00+00:00,4020.3,4025.4,4018.7,4023.7
2026-07-20 09:45:00+00:00,4023.2,4027.7,4022.0,4025.3
2026-07-20 10:00:00+00:00,4025.8,4026.0,4022.4,4025.2
2026-07-20 10:15:00+00:00,4025.1,4027.9,4023.2,4026.7
2026-07-20 10:30:00+00:00,4026.3,4029.0,4025.8,4026.7
2026-07-20 10:45:00+00:00,4026.6,4030.4,4025.6,4029.0
2026-07-20 11:00:00+00:00,4029.0,4032.0,4024.4,4027.0
2026-07-20 11:15:00+00:00,4027.0,4028.5,4024.5,4026.5
2026-07-20 11:30:00+00:00,4026.5,4046.0,4025.9,4037.4
2026-07-20 11:45:00+00:00,4037.6,4037.6,4029.9,4030.5
2026-07-20 12:00:00+00:00,4030.0,4030.2,4015.8,4017.0
2026-07-20 12:15:00+00:00,4016.6,4019.2,4010.6,4017.0
2026-07-20 12:30:00+00:00,4017.1,4018.7,4010.1,4014.3
2026-07-20 12:45:00+00:00,4013.8,4019.8,4011.9,4012.0
2026-07-20 13:00:00+00:00,4012.2,4017.9,4011.8,4012.5
2026-07-20 13:15:00+00:00,4012.7,4016.7,4010.8,4012.4
2026-07-20 13:30:00+00:00,4013.1,4021.6,4012.2,4017.2
2026-07-20 13:45:00+00:00,4017.3,4017.6,4009.4,4009.5
2026-07-20 14:00:00+00:00,4009.4,4011.9,4001.6,4002.9
2026-07-20 14:15:00+00:00,4002.6,4010.7,4002.0,4010.6
2026-07-20 14:30:00+00:00,4010.8,4015.2,4009.9,4011.7
2026-07-20 14:45:00+00:00,4011.8,4018.6,4009.1,4010.5
2026-07-20 15:00:00+00:00,4010.4,4023.9,4008.7,4018.9
2026-07-20 15:15:00+00:00,4018.7,4021.2,4015.2,4020.8
2026-07-20 15:30:00+00:00,4020.7,4021.3,4014.4,4017.0
2026-07-20 15:45:00+00:00,4017.2,4020.9,4016.2,4016.2
2026-07-20 16:00:00+00:00,4016.3,4022.8,4015.4,4018.3
2026-07-20 16:15:00+00:00,4018.4,4019.0,4015.2,4017.0
2026-07-20 16:30:00+00:00,4016.8,4017.0,4005.2,4013.8
2026-07-20 16:45:00+00:00,4013.5,4014.6,4010.4,4013.9
2026-07-20 17:00:00+00:00,4013.9,4016.4,4013.3,4014.4
2026-07-20 17:15:00+00:00,4013.9,4017.0,4012.9,4016.1
2026-07-20 17:30:00+00:00,4016.2,4017.0,4011.6,4012.0
2026-07-20 17:45:00+00:00,4011.9,4011.9,4007.8,4009.2
2026-07-20 18:00:00+00:00,4009.4,4015.3,4009.3,4013.2
2026-07-20 18:15:00+00:00,4013.4,4016.4,4007.7,4011.0
2026-07-20 18:30:00+00:00,4011.2,4011.7,4008.5,4011.0
2026-07-20 18:45:00+00:00,4010.7,4013.0,4009.5,4012.1
2026-07-20 19:00:00+00:00,4011.5,4012.6,4008.7,4009.5
2026-07-20 19:15:00+00:00,4008.8,4017.5,4008.5,4017.4
2026-07-20 19:30:00+00:00,4017.2,4022.2,4009.3,4010.3
2026-07-20 19:45:00+00:00,4010.0,4014.4,4009.3,4010.7
2026-07-20 20:00:00+00:00,4011.1,4013.3,4009.8,4011.6
2026-07-20 20:15:00+00:00,4011.5,4013.5,4011.0,4012.1
2026-07-20 20:30:00+00:00,4012.6,4013.4,4011.3,4012.5
2026-07-20 20:45:00+00:00,4012.6,4013.1,4008.4,4011.8
2026-07-20 22:00:00+00:00,4013.4,4014.7,4009.3,4010.2
2026-07-20 22:15:00+00:00,4010.5,4014.1,4008.3,4013.1
2026-07-20 22:30:00+00:00,4012.8,4013.1,4006.3,4007.7
2026-07-20 22:45:00+00:00,4008.2,4012.3,4003.3,4004.0
2026-07-20 23:00:00+00:00,4004.2,4013.4,4003.3,4007.0
2026-07-20 23:15:00+00:00,4007.3,4011.4,4007.3,4007.9
2026-07-20 23:30:00+00:00,4007.9,4013.0,4007.9,4012.0
2026-07-20 23:45:00+00:00,4011.7,4015.1,4008.4,4014.4
2026-07-21 00:00:00+00:00,4014.5,4017.5,4008.3,4015.0
2026-07-21 00:15:00+00:00,4015.8,4023.0,4012.5,4019.6
2026-07-21 00:30:00+00:00,4018.8,4029.0,4018.6,4027.0
2026-07-21 00:45:00+00:00,4027.5,4032.0,4026.3,4029.6
2026-07-21 01:00:00+00:00,4029.8,4034.7,4022.5,4033.5
2026-07-21 01:15:00+00:00,4033.3,4041.0,4030.7,4032.9
2026-07-21 01:30:00+00:00,4033.4,4035.4,4027.2,4028.5
2026-07-21 01:45:00+00:00,4028.6,4032.3,4025.4,4027.6
2026-07-21 02:00:00+00:00,4027.5,4030.6,4025.9,4028.5
2026-07-21 02:15:00+00:00,4028.2,4034.3,4025.9,4033.1
2026-07-21 02:30:00+00:00,4033.5,4049.8,4032.2,4039.9
2026-07-21 02:45:00+00:00,4040.2,4042.8,4035.5,4042.7
2026-07-21 03:00:00+00:00,4042.3,4046.8,4042.2,4043.1
2026-07-21 03:15:00+00:00,4042.3,4057.2,4041.3,4052.0
2026-07-21 03:30:00+00:00,4052.1,4054.0,4046.7,4046.8
2026-07-21 03:45:00+00:00,4046.9,4051.9,4046.5,4050.9
2026-07-21 04:00:00+00:00,4051.7,4056.6,4050.3,4050.7
2026-07-21 04:15:00+00:00,4050.8,4051.4,4048.4,4049.5
2026-07-21 04:30:00+00:00,4049.5,4052.5,4049.0,4051.9
2026-07-21 04:45:00+00:00,4051.7,4054.6,4050.2,4054.3
2026-07-21 05:00:00+00:00,4054.1,4057.0,4051.1,4056.3
2026-07-21 05:15:00+00:00,4056.6,4061.5,4052.8,4058.9
2026-07-21 05:30:00+00:00,4059.7,4071.6,4059.5,4070.9
2026-07-21 05:45:00+00:00,4071.0,4072.8,4065.6,4066.0
2026-07-21 06:00:00+00:00,4066.0,4077.1,4066.0,4075.7
2026-07-21 06:15:00+00:00,4076.0,4079.0,4072.6,4076.9
2026-07-21 06:30:00+00:00,4077.1,4085.1,4076.2,4081.6
2026-07-21 06:45:00+00:00,4082.0,4088.4,4082.0,4083.0
2026-07-21 07:00:00+00:00,4083.3,4084.8,4076.0,4076.4
2026-07-21 07:15:00+00:00,4076.6,4078.0,4072.6,4074.1
2026-07-21 07:30:00+00:00,4073.9,4079.9,4072.1,4075.8
2026-07-21 07:45:00+00:00,4076.1,4076.9,4074.2,4075.7
2026-07-21 08:00:00+00:00,4075.6,4076.9,4070.1,4072.5
2026-07-21 08:15:00+00:00,4072.4,4073.3,4067.3,4067.9
2026-07-21 08:30:00+00:00,4067.7,4069.7,4065.4,4066.7
2026-07-21 08:45:00+00:00,4066.8,4068.0,4063.6,4067.4
2026-07-21 09:00:00+00:00,4067.7,4071.5,4067.7,4069.7
2026-07-21 09:15:00+00:00,4069.7,4072.8,4066.7,4067.3
2026-07-21 09:30:00+00:00,4067.4,4070.0,4065.4,4067.0
2026-07-21 09:45:00+00:00,4066.8,4074.4,4066.5,4070.2
2026-07-21 10:00:00+00:00,4070.5,4073.0,4065.1,4070.9
2026-07-21 10:15:00+00:00,4071.0,4074.0,4069.2,4071.7
2026-07-21 10:30:00+00:00,4071.6,4074.8,4070.8,4071.7
2026-07-21 10:45:00+00:00,4071.6,4073.2,4067.0,4067.3
2026-07-21 11:00:00+00:00,4067.7,4068.3,4059.9,4063.2
2026-07-21 11:15:00+00:00,4062.8,4064.7,4060.7,4062.6
2026-07-21 11:30:00+00:00,4062.8,4066.3,4060.2,4060.6
2026-07-21 11:45:00+00:00,4060.6,4063.5,4058.9,4060.6
2026-07-21 12:00:00+00:00,4060.5,4065.7,4060.3,4063.8
2026-07-21 12:15:00+00:00,4064.0,4070.4,4060.5,4066.0
2026-07-21 12:30:00+00:00,4066.3,4068.2,4055.0,4058.0
2026-07-21 12:45:00+00:00,4057.9,4066.2,4057.1,4058.0
2026-07-21 13:00:00+00:00,4058.3,4064.8,4058.3,4063.6
2026-07-21 13:15:00+00:00,4063.7,4066.1,4054.3,4055.2
2026-07-21 13:30:00+00:00,4055.5,4061.7,4048.6,4050.4
2026-07-21 13:45:00+00:00,4050.2,4057.7,4048.4,4057.2
2026-07-21 14:00:00+00:00,4057.5,4070.8,4055.4,4070.3
2026-07-21 14:15:00+00:00,4070.5,4074.1,4065.7,4074.1
2026-07-21 14:30:00+00:00,4074.0,4079.1,4066.8,4072.0
2026-07-21 14:45:00+00:00,4072.3,4075.3,4070.7,4072.9
2026-07-21 15:00:00+00:00,4072.5,4078.3,4069.8,4077.8
2026-07-21 15:15:00+00:00,4077.9,4083.8,4077.9,4081.4
2026-07-21 15:30:00+00:00,4080.9,4088.0,4079.7,4080.2
2026-07-21 15:45:00+00:00,4080.4,4082.5,4075.8,4078.6
2026-07-21 16:00:00+00:00,4078.5,4083.5,4077.4,4082.5
2026-07-21 16:15:00+00:00,4082.6,4082.8,4078.1,4080.0
2026-07-21 16:30:00+00:00,4079.8,4080.5,4075.3,4076.2
2026-07-21 16:45:00+00:00,4076.3,4077.5,4074.1,4075.9
2026-07-21 17:00:00+00:00,4076.0,4076.9,4073.6,4074.8
2026-07-21 17:15:00+00:00,4074.7,4077.2,4073.3,4076.7
2026-07-21 17:30:00+00:00,4076.7,4076.7,4071.2,4072.6
2026-07-21 17:45:00+00:00,4072.4,4073.0,4071.0,4073.0
2026-07-21 18:00:00+00:00,4072.9,4076.5,4071.9,4075.8
2026-07-21 18:15:00+00:00,4075.5,4092.5,4075.4,4088.7
2026-07-21 18:30:00+00:00,4088.6,4090.4,4085.8,4087.3
2026-07-21 18:45:00+00:00,4086.9,4087.9,4083.9,4087.0
2026-07-21 19:00:00+00:00,4087.0,4090.3,4084.7,4085.3
2026-07-21 19:15:00+00:00,4086.0,4089.7,4085.8,4088.6
2026-07-21 19:30:00+00:00,4088.8,4089.6,4086.2,4087.5
2026-07-21 19:45:00+00:00,4087.2,4089.6,4086.9,4088.6
2026-07-21 20:00:00+00:00,4088.6,4090.9,4087.5,4088.8
2026-07-21 20:15:00+00:00,4088.7,4088.9,4085.9,4086.9
2026-07-21 20:30:00+00:00,4087.1,4089.8,4084.0,4085.4
2026-07-21 20:45:00+00:00,4085.1,4085.4,4080.9,4082.2
2026-07-21 22:00:00+00:00,4084.7,4085.9,4081.0,4083.2
2026-07-21 22:15:00+00:00,4083.0,4087.4,4082.4,4086.7
2026-07-21 22:30:00+00:00,4086.6,4089.0,4086.3,4087.9
2026-07-21 22:45:00+00:00,4088.1,4088.3,4082.0,4084.6
2026-07-21 23:00:00+00:00,4084.4,4086.2,4083.3,4085.4
2026-07-21 23:15:00+00:00,4085.7,4086.8,4085.0,4085.2
2026-07-21 23:30:00+00:00,4085.3,4086.7,4083.4,4084.9
2026-07-21 23:45:00+00:00,4084.7,4087.4,4083.4,4085.2
2026-07-22 00:00:00+00:00,4085.5,4097.3,4081.1,4096.3
2026-07-22 00:15:00+00:00,4097.2,4103.6,4097.1,4103.0
2026-07-22 00:30:00+00:00,4103.0,4107.5,4094.2,4097.3
2026-07-22 00:45:00+00:00,4097.5,4104.3,4096.0,4101.6
2026-07-22 01:00:00+00:00,4102.3,4126.1,4100.8,4125.5
2026-07-22 01:15:00+00:00,4125.7,4126.5,4116.0,4120.3
2026-07-22 01:30:00+00:00,4119.4,4127.4,4117.3,4125.9
2026-07-22 01:45:00+00:00,4126.3,4128.4,4121.8,4126.0
2026-07-22 02:00:00+00:00,4126.4,4128.1,4123.1,4126.3
2026-07-22 02:15:00+00:00,4126.3,4130.5,4124.0,4128.8
2026-07-22 02:30:00+00:00,4128.8,4134.8,4126.6,4133.0
2026-07-22 02:45:00+00:00,4132.7,4135.3,4130.7,4134.7
2026-07-22 03:00:00+00:00,4134.8,4145.0,4133.6,4141.8
2026-07-22 03:15:00+00:00,4141.6,4146.0,4141.2,4142.8
2026-07-22 03:30:00+00:00,4142.4,4142.4,4136.8,4138.1
2026-07-22 03:45:00+00:00,4138.1,4138.7,4134.6,4135.5
2026-07-22 04:00:00+00:00,4135.1,4135.6,4131.0,4131.7
2026-07-22 04:15:00+00:00,4131.8,4134.3,4131.8,4133.6
2026-07-22 04:30:00+00:00,4133.7,4133.8,4129.4,4131.9
2026-07-22 04:45:00+00:00,4131.7,4132.0,4129.8,4131.8
2026-07-22 05:00:00+00:00,4131.6,4134.7,4130.6,4133.2
2026-07-22 05:15:00+00:00,4133.5,4133.5,4127.6,4128.3
2026-07-22 05:30:00+00:00,4127.8,4138.6,4127.5,4136.9
2026-07-22 05:45:00+00:00,4136.7,4137.9,4132.4,4135.5
2026-07-22 06:00:00+00:00,4135.4,4140.0,4133.7,4134.0
2026-07-22 06:15:00+00:00,4134.2,4136.5,4118.2,4121.7
2026-07-22 06:30:00+00:00,4122.2,4124.7,4118.9,4122.9
2026-07-22 06:45:00+00:00,4122.8,4124.9,4117.8,4121.0
2026-07-22 07:00:00+00:00,4120.8,4121.6,4116.1,4120.5
2026-07-22 07:15:00+00:00,4120.4,4126.9,4120.3,4124.0
2026-07-22 07:30:00+00:00,4124.2,4127.4,4115.4,4116.5
2026-07-22 07:45:00+00:00,4116.6,4118.4,4113.3,4114.6
2026-07-22 08:00:00+00:00,4115.0,4120.8,4114.8,4118.9
2026-07-22 08:15:00+00:00,4119.2,4122.3,4117.8,4121.8
2026-07-22 08:30:00+00:00,4121.8,4123.8,4118.5,4118.8
2026-07-22 08:45:00+00:00,4119.1,4124.4,4117.7,4122.3
2026-07-22 09:00:00+00:00,4122.6,4126.5,4122.1,4125.8
2026-07-22 09:15:00+00:00,4126.1,4126.6,4121.7,4122.6
2026-07-22 09:30:00+00:00,4122.9,4125.8,4118.4,4120.5
2026-07-22 09:45:00+00:00,4120.4,4122.2,4117.5,4118.8
2026-07-22 10:00:00+00:00,4119.2,4124.8,4119.2,4121.8
2026-07-22 10:15:00+00:00,4122.0,4126.1,4120.6,4123.5
2026-07-22 10:30:00+00:00,4123.5,4124.1,4119.9,4121.2
2026-07-22 10:45:00+00:00,4120.4,4124.5,4120.4,4121.2
2026-07-22 11:00:00+00:00,4121.8,4125.8,4119.3,4123.4
2026-07-22 11:15:00+00:00,4123.4,4127.5,4122.2,4123.2
2026-07-22 11:30:00+00:00,4123.3,4125.7,4117.2,4119.8
2026-07-22 11:45:00+00:00,4119.5,4127.9,4119.5,4127.4
2026-07-22 12:00:00+00:00,4127.5,4132.5,4126.3,4132.0
2026-07-22 12:15:00+00:00,4132.5,4138.0,4129.8,4137.5
2026-07-22 12:30:00+00:00,4137.8,4139.5,4129.6,4132.2
2026-07-22 12:45:00+00:00,4132.0,4132.3,4110.4,4117.0
2026-07-22 13:00:00+00:00,4117.1,4130.1,4117.0,4130.0
2026-07-22 13:15:00+00:00,4129.8,4139.8,4129.0,4136.5
2026-07-22 13:30:00+00:00,4136.8,4152.1,4136.8,4147.4
2026-07-22 13:45:00+00:00,4148.0,4161.5,4147.9,4160.0
2026-07-22 14:00:00+00:00,4159.8,4168.8,4158.6,4161.7
2026-07-22 14:15:00+00:00,4161.8,4161.8,4149.1,4151.1
2026-07-22 14:30:00+00:00,4151.2,4158.2,4150.9,4155.7
2026-07-22 14:45:00+00:00,4156.0,4157.8,4148.6,4153.4
2026-07-22 15:00:00+00:00,4153.5,4163.5,4153.4,4162.5
2026-07-22 15:15:00+00:00,4162.4,4166.6,4158.1,4162.2
2026-07-22 15:30:00+00:00,4162.3,4166.1,4160.7,4165.2
2026-07-22 15:45:00+00:00,4165.1,4171.4,4163.2,4164.1
2026-07-22 16:00:00+00:00,4164.4,4164.5,4158.2,4159.5
2026-07-22 16:15:00+00:00,4159.6,4160.7,4153.1,4154.5
2026-07-22 16:30:00+00:00,4154.6,4157.3,4150.1,4152.6
2026-07-22 16:45:00+00:00,4153.1,4154.9,4150.1,4152.8
2026-07-22 17:00:00+00:00,4152.8,4153.6,4148.8,4151.0
2026-07-22 17:15:00+00:00,4151.0,4152.9,4148.5,4151.6
2026-07-22 17:30:00+00:00,4151.6,4153.1,4143.8,4146.3
2026-07-22 17:45:00+00:00,4146.4,4149.6,4145.9,4148.1
2026-07-22 18:00:00+00:00,4147.9,4148.4,4142.5,4143.6
2026-07-22 18:15:00+00:00,4143.4,4145.2,4140.2,4140.4
2026-07-22 18:30:00+00:00,4140.9,4141.7,4137.5,4141.4
2026-07-22 18:45:00+00:00,4141.1,4144.3,4140.6,4141.8
2026-07-22 19:00:00+00:00,4141.4,4142.5,4138.2,4139.6
2026-07-22 19:15:00+00:00,4139.6,4141.0,4137.1,4140.0
2026-07-22 19:30:00+00:00,4139.6,4141.6,4138.0,4139.1
2026-07-22 19:45:00+00:00,4139.2,4140.6,4133.9,4136.4
2026-07-22 20:00:00+00:00,4136.4,4140.2,4135.1,4139.6
2026-07-22 20:15:00+00:00,4139.4,4142.8,4138.9,4141.7
2026-07-22 20:30:00+00:00,4141.0,4142.4,4135.7,4135.8
2026-07-22 20:45:00+00:00,4135.7,4136.1,4133.2,4135.0
2026-07-22 22:00:00+00:00,4126.0,4129.7,4074.6,4126.9
2026-07-22 22:15:00+00:00,4127.0,4132.2,4123.2,4131.3
2026-07-22 22:30:00+00:00,4131.8,4133.0,4122.7,4124.4
2026-07-22 22:45:00+00:00,4124.2,4129.9,4123.2,4124.7
2026-07-22 23:00:00+00:00,4125.1,4127.4,4118.9,4126.6
2026-07-22 23:15:00+00:00,4126.3,4126.6,4121.7,4122.7
2026-07-22 23:30:00+00:00,4122.3,4127.0,4121.6,4126.2
2026-07-22 23:45:00+00:00,4126.1,4137.1,4125.4,4135.8
2026-07-23 00:00:00+00:00,4136.8,4137.2,4129.0,4129.9
2026-07-23 00:15:00+00:00,4131.0,4138.0,4129.9,4132.0
2026-07-23 00:30:00+00:00,4132.0,4135.2,4130.0,4130.8
2026-07-23 00:45:00+00:00,4130.7,4136.9,4128.4,4135.3
2026-07-23 01:00:00+00:00,4135.2,4142.7,4133.2,4137.4
2026-07-23 01:15:00+00:00,4137.2,4144.0,4136.8,4140.2
2026-07-23 01:30:00+00:00,4140.5,4141.9,4124.2,4124.2
2026-07-23 01:45:00+00:00,4124.2,4126.0,4116.7,4120.5
2026-07-23 02:00:00+00:00,4120.1,4121.4,4114.7,4119.8
2026-07-23 02:15:00+00:00,4120.1,4120.6,4115.6,4118.4
2026-07-23 02:30:00+00:00,4118.3,4124.9,4116.1,4124.6
2026-07-23 02:45:00+00:00,4124.8,4131.3,4124.0,4130.8
2026-07-23 03:00:00+00:00,4130.9,4131.7,4126.6,4129.7
2026-07-23 03:15:00+00:00,4129.9,4135.6,4129.2,4132.2
2026-07-23 03:30:00+00:00,4132.8,4133.8,4128.7,4131.4
2026-07-23 03:45:00+00:00,4131.1,4131.1,4127.2,4127.6
2026-07-23 04:00:00+00:00,4127.7,4130.0,4124.8,4129.9
2026-07-23 04:15:00+00:00,4130.6,4132.5,4127.6,4132.5
2026-07-23 04:30:00+00:00,4132.3,4132.9,4125.5,4125.8
2026-07-23 04:45:00+00:00,4125.5,4126.6,4122.5,4123.8
2026-07-23 05:00:00+00:00,4124.0,4127.5,4121.6,4127.1
2026-07-23 05:15:00+00:00,4126.9,4128.0,4122.4,4128.0
2026-07-23 05:30:00+00:00,4128.3,4131.3,4126.0,4130.3
2026-07-23 05:45:00+00:00,4130.4,4133.4,4123.3,4126.9
2026-07-23 06:00:00+00:00,4127.1,4131.0,4124.0,4126.3
2026-07-23 06:15:00+00:00,4126.1,4130.5,4124.0,4124.9
2026-07-23 06:30:00+00:00,4124.8,4126.7,4119.5,4122.5
2026-07-23 06:45:00+00:00,4122.4,4125.1,4120.5,4121.6
2026-07-23 07:00:00+00:00,4121.3,4122.2,4104.9,4109.6
2026-07-23 07:15:00+00:00,4109.4,4114.9,4108.1,4111.2
2026-07-23 07:30:00+00:00,4111.4,4111.5,4094.3,4098.5
2026-07-23 07:45:00+00:00,4098.6,4100.0,4093.0,4098.3
2026-07-23 08:00:00+00:00,4098.5,4100.7,4092.9,4094.1
2026-07-23 08:15:00+00:00,4094.5,4095.4,4091.1,4094.4
2026-07-23 08:30:00+00:00,4094.1,4096.7,4091.0,4095.3
2026-07-23 08:45:00+00:00,4095.1,4097.4,4089.7,4096.0
2026-07-23 09:00:00+00:00,4095.9,4102.4,4095.3,4097.7
2026-07-23 09:15:00+00:00,4097.5,4099.7,4092.2,4093.9
2026-07-23 09:30:00+00:00,4094.2,4096.5,4091.3,4095.0
2026-07-23 09:45:00+00:00,4095.3,4097.5,4091.5,4093.2
2026-07-23 10:00:00+00:00,4093.2,4094.7,4091.0,4093.8
2026-07-23 10:15:00+00:00,4094.1,4096.0,4088.7,4093.3
2026-07-23 10:30:00+00:00,4092.9,4096.0,4089.8,4092.5
2026-07-23 10:45:00+00:00,4092.4,4098.6,4090.4,4096.7
2026-07-23 11:00:00+00:00,4096.6,4097.4,4090.1,4090.7
2026-07-23 11:15:00+00:00,4091.1,4092.2,4083.8,4087.1
2026-07-23 11:30:00+00:00,4087.1,4087.1,4075.7,4081.4
2026-07-23 11:45:00+00:00,4081.4,4092.5,4080.6,4088.9
2026-07-23 12:00:00+00:00,4088.4,4089.0,4083.7,4084.4
2026-07-23 12:15:00+00:00,4084.4,4085.9,4072.8,4077.6
2026-07-23 12:30:00+00:00,4076.8,4077.9,4066.5,4071.5
2026-07-23 12:45:00+00:00,4071.6,4072.0,4063.6,4064.6
2026-07-23 13:00:00+00:00,4064.2,4066.4,4042.6,4043.0
2026-07-23 13:15:00+00:00,4042.9,4061.4,4042.6,4061.1
2026-07-23 13:30:00+00:00,4060.9,4070.1,4058.5,4059.3
2026-07-23 13:45:00+00:00,4059.5,4061.8,4045.3,4045.8
2026-07-23 14:00:00+00:00,4046.1,4054.3,4042.5,4051.0
2026-07-23 14:15:00+00:00,4050.6,4060.2,4045.5,4059.6
2026-07-23 14:30:00+00:00,4059.6,4064.1,4054.4,4060.1
2026-07-23 14:45:00+00:00,4060.0,4064.7,4059.0,4061.1
2026-07-23 15:00:00+00:00,4061.5,4062.6,4052.3,4054.7
2026-07-23 15:15:00+00:00,4054.0,4059.4,4048.0,4049.7
2026-07-23 15:30:00+00:00,4049.5,4056.0,4045.0,4050.9
2026-07-23 15:45:00+00:00,4050.6,4053.8,4049.3,4051.2
2026-07-23 16:00:00+00:00,4051.5,4053.8,4050.0,4053.1
2026-07-23 16:15:00+00:00,4052.8,4054.6,4048.6,4053.2
2026-07-23 16:30:00+00:00,4053.0,4054.1,4049.8,4052.6
2026-07-23 16:45:00+00:00,4052.7,4054.6,4051.0,4054.3
2026-07-23 17:00:00+00:00,4054.5,4057.5,4049.6,4050.0
2026-07-23 17:15:00+00:00,4050.2,4053.4,4048.8,4049.7
2026-07-23 17:30:00+00:00,4049.9,4051.8,4044.3,4045.4
2026-07-23 17:45:00+00:00,4045.3,4046.8,4043.9,4043.9
2026-07-23 18:00:00+00:00,4044.4,4046.8,4042.5,4044.1
2026-07-23 18:15:00+00:00,4044.0,4047.6,4042.6,4047.2
2026-07-23 18:30:00+00:00,4046.8,4050.6,4046.8,4048.9
2026-07-23 18:45:00+00:00,4049.0,4050.8,4047.1,4048.8
2026-07-23 19:00:00+00:00,4049.2,4051.4,4045.3,4045.6
2026-07-23 19:15:00+00:00,4045.5,4051.5,4045.5,4050.1
2026-07-23 19:30:00+00:00,4050.4,4053.1,4047.8,4048.1
2026-07-23 19:45:00+00:00,4048.1,4053.3,4047.0,4052.1
2026-07-23 20:00:00+00:00,4051.9,4053.6,4050.6,4051.8
2026-07-23 20:15:00+00:00,4051.8,4053.4,4049.8,4052.6
2026-07-23 20:30:00+00:00,4052.9,4053.2,4051.3,4052.2
2026-07-23 20:45:00+00:00,4052.1,4052.5,4049.9,4052.3
2026-07-23 22:00:00+00:00,4053.4,4053.5,4050.2,4051.0
2026-07-23 22:15:00+00:00,4051.4,4052.8,4051.2,4052.3
2026-07-23 22:30:00+00:00,4051.9,4052.9,4051.1,4051.6
2026-07-23 22:45:00+00:00,4051.7,4052.8,4050.8,4052.0
2026-07-23 23:00:00+00:00,4052.2,4052.4,4049.6,4051.1
2026-07-23 23:15:00+00:00,4051.0,4052.3,4049.5,4051.7
2026-07-23 23:30:00+00:00,4051.7,4053.8,4049.6,4051.0
2026-07-23 23:45:00+00:00,4050.6,4052.2,4048.8,4049.4
2026-07-24 00:00:00+00:00,4049.8,4052.3,4043.2,4043.5
2026-07-24 00:15:00+00:00,4044.0,4050.3,4043.5,4048.3
2026-07-24 00:30:00+00:00,4049.4,4052.7,4047.2,4052.2
2026-07-24 00:45:00+00:00,4051.9,4054.1,4050.8,4052.4
2026-07-24 01:00:00+00:00,4052.9,4053.1,4041.9,4044.7
2026-07-24 01:15:00+00:00,4044.8,4048.3,4043.7,4045.0
2026-07-24 01:30:00+00:00,4044.9,4053.3,4043.7,4052.6
2026-07-24 01:45:00+00:00,4052.5,4052.9,4043.6,4046.0
2026-07-24 02:00:00+00:00,4045.9,4048.1,4043.3,4047.7
2026-07-24 02:15:00+00:00,4047.7,4051.0,4044.8,4048.8
2026-07-24 02:30:00+00:00,4049.2,4050.5,4043.0,4043.6
2026-07-24 02:45:00+00:00,4043.4,4043.6,4025.3,4026.7
2026-07-24 03:00:00+00:00,4027.1,4034.8,4025.4,4034.6
2026-07-24 03:15:00+00:00,4034.1,4036.1,4030.8,4032.5
2026-07-24 03:30:00+00:00,4033.3,4035.4,4033.0,4034.1
2026-07-24 03:45:00+00:00,4033.6,4034.5,4030.4,4031.1
2026-07-24 04:00:00+00:00,4031.3,4032.5,4029.5,4030.5
2026-07-24 04:15:00+00:00,4030.5,4032.7,4029.8,4032.1
2026-07-24 04:30:00+00:00,4032.3,4032.9,4028.2,4029.0
2026-07-24 04:45:00+00:00,4029.3,4031.1,4027.8,4029.8
2026-07-24 05:00:00+00:00,4029.8,4034.6,4027.5,4030.0
2026-07-24 05:15:00+00:00,4029.7,4031.8,4024.5,4028.3
2026-07-24 05:30:00+00:00,4028.3,4033.6,4025.9,4026.7
2026-07-24 05:45:00+00:00,4026.7,4031.0,4024.0,4025.0
2026-07-24 06:00:00+00:00,4025.2,4033.5,4025.0,4033.1
2026-07-24 06:15:00+00:00,4033.4,4041.4,4031.2,4038.8
2026-07-24 06:30:00+00:00,4038.7,4039.4,4035.1,4035.9
2026-07-24 06:45:00+00:00,4035.9,4041.4,4034.0,4038.4
2026-07-24 07:00:00+00:00,4038.2,4050.0,4037.5,4047.7
2026-07-24 07:15:00+00:00,4048.2,4053.4,4046.5,4051.1
2026-07-24 07:30:00+00:00,4051.7,4056.3,4048.2,4050.8
2026-07-24 07:45:00+00:00,4050.8,4052.2,4048.5,4051.1
2026-07-24 08:00:00+00:00,4051.2,4051.5,4047.6,4049.5
2026-07-24 08:15:00+00:00,4049.1,4055.3,4047.5,4054.9
2026-07-24 08:30:00+00:00,4054.8,4058.0,4051.4,4057.2
2026-07-24 08:45:00+00:00,4057.3,4061.5,4054.9,4060.0
2026-07-24 09:00:00+00:00,4060.4,4064.0,4055.9,4056.9
2026-07-24 09:15:00+00:00,4056.7,4059.9,4055.0,4055.6
2026-07-24 09:30:00+00:00,4055.4,4059.2,4054.2,4058.5
2026-07-24 09:45:00+00:00,4058.5,4062.6,4057.4,4062.6
2026-07-24 10:00:00+00:00,4062.6,4064.5,4060.5,4061.1
2026-07-24 10:15:00+00:00,4061.2,4066.6,4060.4,4064.5
2026-07-24 10:30:00+00:00,4064.4,4067.0,4060.7,4061.1
2026-07-24 10:45:00+00:00,4061.2,4062.5,4059.4,4062.2
2026-07-24 11:00:00+00:00,4062.5,4065.9,4060.8,4063.5
2026-07-24 11:15:00+00:00,4063.8,4064.1,4061.5,4061.6
2026-07-24 11:30:00+00:00,4061.2,4062.6,4057.5,4057.5
2026-07-24 11:45:00+00:00,4058.0,4063.9,4053.5,4060.2
2026-07-24 12:00:00+00:00,4060.6,4061.1,4054.5,4059.3
2026-07-24 12:15:00+00:00,4059.1,4062.9,4057.4,4062.1
2026-07-24 12:30:00+00:00,4061.9,4062.1,4054.3,4057.6
2026-07-24 12:45:00+00:00,4057.5,4058.9,4054.2,4058.5
2026-07-24 13:00:00+00:00,4058.8,4061.0,4047.1,4050.6
2026-07-24 13:15:00+00:00,4050.4,4052.1,4046.9,4048.8
2026-07-24 13:30:00+00:00,4048.5,4059.5,4047.0,4054.4
2026-07-24 13:45:00+00:00,4054.2,4071.5,4050.3,4070.0
2026-07-24 14:00:00+00:00,4069.9,4073.0,4060.3,4061.7
2026-07-24 14:15:00+00:00,4061.9,4072.3,4058.4,4068.9
2026-07-24 14:30:00+00:00,4069.0,4071.1,4062.0,4063.1
2026-07-24 14:45:00+00:00,4063.5,4069.4,4061.4,4066.2
2026-07-24 15:00:00+00:00,4066.1,4080.0,4064.7,4077.9
2026-07-24 15:15:00+00:00,4077.7,4085.2,4075.0,4077.9
2026-07-24 15:30:00+00:00,4078.2,4082.5,4073.8,4075.1
2026-07-24 15:45:00+00:00,4075.1,4080.8,4073.5,4079.9
2026-07-24 16:00:00+00:00,4080.3,4080.3,4077.0,4077.5
2026-07-24 16:15:00+00:00,4077.6,4080.9,4076.1,4076.6
2026-07-24 16:30:00+00:00,4076.6,4076.6,4069.2,4070.1
2026-07-24 16:45:00+00:00,4070.1,4070.3,4066.5,4069.5
2026-07-24 17:00:00+00:00,4069.7,4070.9,4065.3,4066.5
2026-07-24 17:15:00+00:00,4066.9,4072.8,4066.1,4071.3
2026-07-24 17:30:00+00:00,4071.2,4072.7,4068.9,4069.3
2026-07-24 17:45:00+00:00,4068.7,4070.0,4065.3,4065.8
2026-07-24 18:00:00+00:00,4066.0,4067.3,4063.6,4064.0
2026-07-24 18:15:00+00:00,4064.2,4065.4,4057.2,4057.7
2026-07-24 18:30:00+00:00,4057.8,4059.4,4053.5,4054.5
2026-07-24 18:45:00+00:00,4054.6,4058.3,4054.0,4056.7
2026-07-24 19:00:00+00:00,4056.9,4058.7,4054.1,4054.5
2026-07-24 19:15:00+00:00,4054.5,4054.5,4051.3,4053.8
2026-07-24 19:30:00+00:00,4053.7,4060.2,4053.2,4059.2
2026-07-24 19:45:00+00:00,4059.5,4059.7,4055.0,4056.1
2026-07-24 20:00:00+00:00,4055.9,4057.8,4054.4,4054.9
2026-07-24 20:15:00+00:00,4054.8,4057.1,4054.1,4055.9
2026-07-24 20:30:00+00:00,4056.1,4058.4,4053.9,4057.9
2026-07-24 20:45:00+00:00,4057.7,4070.8,4054.5,4070.8
2026-07-26 22:00:00+00:00,4091.5,4092.8,4089.3,4091.0
2026-07-26 22:15:00+00:00,4091.2,4093.2,4086.9,4089.9
2026-07-26 22:30:00+00:00,4089.4,4095.9,4088.8,4094.0
2026-07-26 22:45:00+00:00,4094.0,4096.5,4091.4,4092.2
2026-07-26 23:00:00+00:00,4092.9,4094.1,4086.8,4087.5
2026-07-26 23:15:00+00:00,4087.7,4089.0,4085.8,4086.7
2026-07-26 23:30:00+00:00,4087.3,4091.8,4087.3,4091.8
2026-07-26 23:45:00+00:00,4090.7,4099.0,4090.7,4096.9
2026-07-27 00:00:00+00:00,4097.2,4119.3,4096.6,4118.5
2026-07-27 00:15:00+00:00,4118.3,4118.4,4093.2,4097.5
2026-07-27 00:30:00+00:00,4097.3,4104.9,4096.4,4102.8
2026-07-27 00:45:00+00:00,4102.3,4111.6,4101.3,4102.6
2026-07-27 01:00:00+00:00,4103.1,4114.8,4103.1,4109.3
2026-07-27 01:15:00+00:00,4109.7,4111.3,4098.9,4101.8
2026-07-27 01:30:00+00:00,4102.5,4106.3,4099.8,4104.7
2026-07-27 01:45:00+00:00,4104.9,4112.0,4104.6,4112.0
2026-07-27 02:00:00+00:00,4112.2,4112.9,4105.5,4107.6
2026-07-27 02:15:00+00:00,4107.8,4107.8,4103.7,4105.2
2026-07-27 02:30:00+00:00,4104.6,4105.0,4097.5,4098.5
2026-07-27 02:45:00+00:00,4098.8,4099.5,4095.6,4095.7
2026-07-27 03:00:00+00:00,4095.5,4097.8,4091.0,4093.9
2026-07-27 03:15:00+00:00,4093.9,4095.4,4087.3,4087.3
2026-07-27 03:30:00+00:00,4087.4,4093.0,4087.0,4091.6
2026-07-27 03:45:00+00:00,4091.4,4093.2,4090.5,4092.5
2026-07-27 04:00:00+00:00,4093.0,4095.0,4090.7,4092.0
2026-07-27 04:15:00+00:00,4092.1,4092.4,4088.9,4091.2
2026-07-27 04:30:00+00:00,4091.0,4094.3,4091.0,4091.9
2026-07-27 04:45:00+00:00,4092.2,4093.0,4091.2,4091.7
2026-07-27 05:00:00+00:00,4092.5,4097.0,4090.6,4096.7
2026-07-27 05:15:00+00:00,4096.4,4096.4,4088.2,4089.0
2026-07-27 05:30:00+00:00,4088.8,4092.3,4087.6,4089.5
2026-07-27 05:45:00+00:00,4090.3,4095.7,4086.5,4095.3
2026-07-27 06:00:00+00:00,4094.9,4098.4,4093.6,4096.6
2026-07-27 06:15:00+00:00,4096.3,4098.6,4093.3,4097.7
2026-07-27 06:30:00+00:00,4098.1,4101.4,4096.5,4100.5
2026-07-27 06:45:00+00:00,4101.0,4101.4,4096.9,4098.4
2026-07-27 07:00:00+00:00,4098.2,4104.0,4098.0,4104.0
2026-07-27 07:15:00+00:00,4103.6,4108.3,4101.7,4105.4
2026-07-27 07:30:00+00:00,4105.4,4105.8,4097.8,4099.1
2026-07-27 07:45:00+00:00,4099.4,4100.8,4090.5,4090.7
2026-07-27 08:00:00+00:00,4090.9,4094.8,4088.8,4093.3
2026-07-27 08:15:00+00:00,4092.9,4094.5,4090.7,4093.0
2026-07-27 08:30:00+00:00,4092.5,4094.7,4089.0,4092.8
2026-07-27 08:45:00+00:00,4093.3,4098.7,4092.6,4097.7
2026-07-27 09:00:00+00:00,4096.8,4100.3,4095.1,4095.9
2026-07-27 09:15:00+00:00,4096.2,4097.7,4092.8,4093.5
2026-07-27 09:30:00+00:00,4093.3,4097.0,4091.8,4096.6
2026-07-27 09:45:00+00:00,4096.1,4102.7,4096.0,4098.9
2026-07-27 10:00:00+00:00,4098.8,4098.8,4088.4,4092.5
2026-07-27 10:15:00+00:00,4092.6,4096.2,4091.0,4095.1
2026-07-27 10:30:00+00:00,4095.6,4104.0,4095.0,4102.8
2026-07-27 10:45:00+00:00,4102.9,4104.6,4100.9,4102.1
2026-07-27 11:00:00+00:00,4102.2,4107.0,4099.2,4104.1
2026-07-27 11:15:00+00:00,4104.2,4105.3,4098.8,4098.8
2026-07-27 11:30:00+00:00,4098.9,4102.2,4096.6,4098.2
2026-07-27 11:45:00+00:00,4098.2,4099.3,4095.6,4095.9
2026-07-27 12:00:00+00:00,4096.1,4099.8,4088.1,4089.3
2026-07-27 12:15:00+00:00,4089.3,4091.0,4083.1,4088.1
2026-07-27 12:30:00+00:00,4088.9,4090.5,4085.0,4088.5
2026-07-27 12:45:00+00:00,4088.2,4091.1,4082.4,4085.2
2026-07-27 13:00:00+00:00,4085.8,4090.8,4082.7,4086.6
2026-07-27 13:15:00+00:00,4086.6,4089.2,4077.7,4077.8
2026-07-27 13:30:00+00:00,4078.0,4091.4,4077.4,4088.9
2026-07-27 13:45:00+00:00,4088.9,4091.8,4071.6,4075.8
2026-07-27 14:00:00+00:00,4075.9,4081.0,4072.7,4078.8
2026-07-27 14:15:00+00:00,4078.8,4080.6,4068.6,4069.8
2026-07-27 14:30:00+00:00,4070.4,4072.8,4067.1,4070.5
2026-07-27 14:45:00+00:00,4070.5,4079.6,4070.5,4078.4
2026-07-27 15:00:00+00:00,4078.3,4078.6,4073.9,4078.3
2026-07-27 15:15:00+00:00,4077.9,4081.8,4076.7,4078.9
2026-07-27 15:30:00+00:00,4078.6,4080.5,4074.8,4078.1
2026-07-27 15:45:00+00:00,4078.5,4082.2,4076.9,4080.6
2026-07-27 16:00:00+00:00,4080.8,4087.0,4079.9,4083.1
2026-07-27 16:15:00+00:00,4083.3,4090.9,4081.6,4087.1
2026-07-27 16:30:00+00:00,4087.0,4095.7,4087.0,4090.1
2026-07-27 16:45:00+00:00,4090.3,4090.4,4082.5,4084.1
2026-07-27 17:00:00+00:00,4084.0,4084.1,4072.2,4075.3
2026-07-27 17:15:00+00:00,4075.4,4078.7,4074.1,4076.4
2026-07-27 17:30:00+00:00,4076.5,4077.8,4073.9,4076.3
2026-07-27 17:45:00+00:00,4076.0,4079.0,4075.0,4078.2
2026-07-27 18:00:00+00:00,4078.2,4081.0,4077.8,4078.4
2026-07-27 18:15:00+00:00,4078.5,4078.8,4075.9,4078.6
2026-07-27 18:30:00+00:00,4078.4,4081.2,4074.5,4078.0
2026-07-27 18:45:00+00:00,4077.6,4081.2,4076.1,4079.8
2026-07-27 19:00:00+00:00,4079.9,4083.7,4078.0,4082.4
2026-07-27 19:15:00+00:00,4082.4,4090.9,4081.2,4087.8
2026-07-27 19:30:00+00:00,4088.0,4089.5,4085.9,4089.2
2026-07-27 19:45:00+00:00,4089.3,4091.8,4084.5,4085.5
2026-07-27 20:00:00+00:00,4085.4,4086.4,4083.6,4084.4
2026-07-27 20:15:00+00:00,4084.2,4084.4,4079.8,4081.0
2026-07-27 20:30:00+00:00,4081.1,4081.6,4077.6,4079.0
2026-07-27 20:45:00+00:00,4079.1,4079.8,4077.6,4078.6
2026-07-27 22:00:00+00:00,4083.0,4085.7,4076.4,4079.1
2026-07-27 22:15:00+00:00,4078.9,4079.1,4072.3,4073.9
2026-07-27 22:30:00+00:00,4073.7,4076.4,4073.7,4076.3
2026-07-27 22:45:00+00:00,4076.3,4076.4,4074.9,4075.1
2026-07-27 23:00:00+00:00,4075.4,4076.1,4073.2,4075.5
2026-07-27 23:15:00+00:00,4075.3,4075.8,4073.1,4074.5
2026-07-27 23:30:00+00:00,4074.2,4074.9,4073.0,4073.2
2026-07-27 23:45:00+00:00,4073.5,4074.4,4071.0,4074.4
2026-07-28 00:00:00+00:00,4074.4,4075.5,4063.0,4067.6
2026-07-28 00:15:00+00:00,4068.1,4068.2,4059.6,4062.9
2026-07-28 00:30:00+00:00,4063.3,4066.9,4061.3,4066.0
2026-07-28 00:45:00+00:00,4065.8,4065.8,4058.1,4058.5
2026-07-28 01:00:00+00:00,4058.3,4061.2,4054.2,4058.3
2026-07-28 01:15:00+00:00,4058.7,4059.6,4046.2,4048.2
2026-07-28 01:30:00+00:00,4047.5,4051.2,4044.0,4049.7
2026-07-28 01:45:00+00:00,4049.4,4049.4,4042.9,4045.7
2026-07-28 02:00:00+00:00,4045.9,4048.1,4042.8,4046.9
2026-07-28 02:15:00+00:00,4046.8,4049.7,4045.7,4046.6
2026-07-28 02:30:00+00:00,4046.1,4048.2,4041.8,4044.8
2026-07-28 02:45:00+00:00,4044.6,4045.9,4041.1,4042.3
2026-07-28 03:00:00+00:00,4042.3,4047.9,4040.7,4046.5
2026-07-28 03:15:00+00:00,4046.4,4049.8,4045.7,4048.1
2026-07-28 03:30:00+00:00,4047.7,4051.5,4047.7,4048.3
2026-07-28 03:45:00+00:00,4049.1,4051.1,4048.2,4049.6
2026-07-28 04:00:00+00:00,4049.0,4049.7,4043.2,4044.3
2026-07-28 04:15:00+00:00,4043.8,4048.0,4043.5,4045.6
2026-07-28 04:30:00+00:00,4045.8,4047.8,4044.0,4047.6
2026-07-28 04:45:00+00:00,4047.9,4048.0,4041.2,4042.1
2026-07-28 05:00:00+00:00,4041.9,4043.8,4039.6,4042.7
2026-07-28 05:15:00+00:00,4042.5,4043.8,4040.7,4043.3
2026-07-28 05:30:00+00:00,4042.7,4045.5,4034.6,4041.9
2026-07-28 05:45:00+00:00,4041.9,4046.9,4039.4,4045.2
2026-07-28 06:00:00+00:00,4045.5,4048.0,4042.9,4044.7
2026-07-28 06:15:00+00:00,4044.5,4050.0,4044.3,4048.1
2026-07-28 06:30:00+00:00,4047.8,4052.8,4047.1,4050.2
2026-07-28 06:45:00+00:00,4050.0,4052.0,4048.3,4048.7
2026-07-28 07:00:00+00:00,4048.3,4051.4,4047.7,4049.4
2026-07-28 07:15:00+00:00,4049.1,4052.9,4048.8,4050.4
2026-07-28 07:30:00+00:00,4050.6,4051.3,4048.5,4049.7
2026-07-28 07:45:00+00:00,4050.0,4050.0,4045.8,4047.3
2026-07-28 08:00:00+00:00,4047.3,4055.6,4043.1,4044.5
2026-07-28 08:15:00+00:00,4044.6,4051.5,4044.6,4049.9
2026-07-28 08:30:00+00:00,4050.1,4050.1,4042.2,4043.6
2026-07-28 08:45:00+00:00,4043.6,4046.3,4041.9,4045.7
2026-07-28 09:00:00+00:00,4045.5,4046.1,4040.9,4040.9
2026-07-28 09:15:00+00:00,4041.3,4044.3,4039.2,4040.1
2026-07-28 09:30:00+00:00,4040.0,4040.4,4029.3,4033.1
2026-07-28 09:45:00+00:00,4033.0,4034.2,4018.1,4023.3
2026-07-28 10:00:00+00:00,4023.1,4027.2,4020.2,4024.2
2026-07-28 10:15:00+00:00,4023.7,4025.7,4016.5,4016.8
2026-07-28 10:30:00+00:00,4016.8,4023.2,4016.6,4022.0
2026-07-28 10:45:00+00:00,4022.0,4028.2,4021.5,4025.6
2026-07-28 11:00:00+00:00,4026.0,4028.5,4022.5,4023.5
2026-07-28 11:15:00+00:00,4023.6,4031.9,4023.6,4027.2
2026-07-28 11:30:00+00:00,4026.8,4031.1,4025.8,4026.6
2026-07-28 11:45:00+00:00,4026.8,4028.0,4023.2,4027.8
2026-07-28 12:00:00+00:00,4027.3,4028.2,4022.2,4027.2
2026-07-28 12:15:00+00:00,4027.5,4034.6,4025.6,4034.1
2026-07-28 12:30:00+00:00,4034.1,4034.6,4024.8,4033.3
2026-07-28 12:45:00+00:00,4033.3,4037.9,4027.8,4029.4
2026-07-28 13:00:00+00:00,4029.4,4035.6,4029.0,4032.7
2026-07-28 13:15:00+00:00,4032.6,4036.1,4028.5,4028.7
2026-07-28 13:30:00+00:00,4028.7,4032.8,4019.3,4024.9
2026-07-28 13:45:00+00:00,4024.7,4028.5,4021.3,4021.4
2026-07-28 14:00:00+00:00,4021.9,4034.1,4021.4,4025.6
2026-07-28 14:15:00+00:00,4026.2,4027.0,4011.1,4022.0
2026-07-28 14:30:00+00:00,4021.9,4025.3,4018.5,4022.6
2026-07-28 14:45:00+00:00,4022.6,4029.4,4021.0,4023.8
2026-07-28 15:00:00+00:00,4024.6,4036.2,4021.9,4033.7
2026-07-28 15:15:00+00:00,4033.9,4041.3,4031.7,4035.6
2026-07-28 15:30:00+00:00,4035.7,4042.6,4032.3,4041.7
2026-07-28 15:45:00+00:00,4041.9,4047.4,4041.5,4046.5
2026-07-28 16:00:00+00:00,4046.7,4046.8,4042.5,4044.8
2026-07-28 16:15:00+00:00,4045.2,4046.1,4042.1,4042.3
2026-07-28 16:30:00+00:00,4042.5,4044.1,4040.4,4041.0
2026-07-28 16:45:00+00:00,4040.7,4041.7,4036.6,4037.6
2026-07-28 17:00:00+00:00,4037.9,4041.5,4035.6,4037.4
2026-07-28 17:15:00+00:00,4037.3,4041.9,4035.3,4037.9
2026-07-28 17:30:00+00:00,4038.1,4038.1,4027.5,4028.4
2026-07-28 17:45:00+00:00,4028.7,4029.8,4025.3,4028.0
2026-07-28 18:00:00+00:00,4028.1,4030.5,4027.4,4028.4
2026-07-28 18:15:00+00:00,4028.3,4030.1,4026.0,4027.2
2026-07-28 18:30:00+00:00,4027.4,4027.7,4023.0,4023.6
2026-07-28 18:45:00+00:00,4023.1,4025.9,4021.4,4023.1
2026-07-28 19:00:00+00:00,4022.8,4025.6,4022.3,4023.7
2026-07-28 19:15:00+00:00,4023.6,4024.7,4021.5,4022.6
2026-07-28 19:30:00+00:00,4023.1,4027.6,4022.3,4025.6
2026-07-28 19:45:00+00:00,4038.7,4038.7,4025.5,4025.9
2026-07-28 20:00:00+00:00,4025.8,4025.8,4022.2,4023.4
2026-07-28 20:15:00+00:00,4023.4,4027.5,4023.4,4027.1
2026-07-28 20:30:00+00:00,4027.1,4030.1,4027.0,4030.0
2026-07-28 20:45:00+00:00,4029.9,4030.6,4026.5,4028.8
2026-07-28 22:00:00+00:00,4020.9,4034.0,4020.9,4024.2
2026-07-28 22:15:00+00:00,4024.2,4024.4,4016.1,4020.4
2026-07-28 22:30:00+00:00,4020.1,4020.5,4013.2,4017.7
2026-07-28 22:45:00+00:00,4017.3,4019.2,4014.3,4017.9
2026-07-28 23:00:00+00:00,4017.4,4022.4,4015.5,4022.1
2026-07-28 23:15:00+00:00,4021.5,4021.5,4015.0,4017.4
2026-07-28 23:30:00+00:00,4018.7,4022.6,4017.1,4022.4
2026-07-28 23:45:00+00:00,4021.8,4026.0,4019.1,4024.3
2026-07-29 00:00:00+00:00,4025.0,4025.5,4017.1,4019.8
2026-07-29 00:15:00+00:00,4022.7,4030.7,4021.5,4022.4
2026-07-29 00:30:00+00:00,4022.9,4027.7,4021.0,4026.1
2026-07-29 00:45:00+00:00,4025.3,4025.7,4020.0,4021.3
2026-07-29 01:00:00+00:00,4021.0,4021.0,4009.3,4012.2
2026-07-29 01:15:00+00:00,4011.7,4019.0,4011.2,4017.7
2026-07-29 01:30:00+00:00,4016.0,4030.0,4014.4,4025.7
2026-07-29 01:45:00+00:00,4026.9,4027.1,4021.0,4025.0
2026-07-29 02:00:00+00:00,4025.0,4028.2,4022.3,4026.9
2026-07-29 02:15:00+00:00,4027.1,4034.3,4025.0,4032.0
2026-07-29 02:30:00+00:00,4032.3,4036.8,4030.0,4034.3
2026-07-29 02:45:00+00:00,4033.5,4034.2,4028.3,4028.3
2026-07-29 03:00:00+00:00,4028.2,4031.4,4026.2,4026.9
2026-07-29 03:15:00+00:00,4026.7,4027.5,4024.7,4025.1
2026-07-29 03:30:00+00:00,4024.9,4027.8,4022.9,4024.3
2026-07-29 03:45:00+00:00,4024.4,4025.4,4021.5,4021.5
2026-07-29 04:00:00+00:00,4022.0,4023.1,4019.8,4020.0
2026-07-29 04:15:00+00:00,4019.5,4023.7,4019.3,4021.3
2026-07-29 04:30:00+00:00,4021.7,4025.5,4021.7,4025.2
2026-07-29 04:45:00+00:00,4026.0,4026.0,4021.9,4025.4
2026-07-29 05:00:00+00:00,4025.9,4029.9,4025.3,4028.3
2026-07-29 05:15:00+00:00,4027.9,4029.2,4025.9,4028.6
2026-07-29 05:30:00+00:00,4028.8,4037.9,4028.3,4037.7
2026-07-29 05:45:00+00:00,4037.8,4038.2,4030.0,4031.3
2026-07-29 06:00:00+00:00,4032.2,4036.5,4032.2,4036.5
2026-07-29 06:15:00+00:00,4036.5,4040.8,4034.1,4039.0
2026-07-29 06:30:00+00:00,4039.2,4043.2,4039.2,4041.4
2026-07-29 06:45:00+00:00,4040.7,4040.8,4038.4,4039.8
2026-07-29 07:00:00+00:00,4039.9,4045.3,4039.9,4044.4
2026-07-29 07:15:00+00:00,4043.4,4046.7,4043.1,4045.1
2026-07-29 07:30:00+00:00,4045.1,4106.7,4044.6,4105.2
2026-07-29 07:45:00+00:00,4105.1,4106.1,4101.5,4102.6
2026-07-29 08:00:00+00:00,4103.0,4103.5,4098.1,4098.1
2026-07-29 08:15:00+00:00,4100.0,4100.0,4094.6,4096.3
2026-07-29 08:30:00+00:00,4096.3,4097.8,4094.7,4097.1
2026-07-29 08:45:00+00:00,4097.1,4099.4,4096.0,4096.5
2026-07-29 09:00:00+00:00,4096.8,4097.6,4094.6,4095.2
2026-07-29 09:15:00+00:00,4095.3,4096.8,4092.5,4092.6
2026-07-29 09:30:00+00:00,4093.0,4094.3,4090.4,4093.5
2026-07-29 09:45:00+00:00,4093.3,4095.5,4091.2,4091.9
2026-07-29 10:00:00+00:00,4091.5,4093.1,4089.9,4090.8
2026-07-29 10:15:00+00:00,4090.8,4092.5,4089.2,4092.3
2026-07-29 10:30:00+00:00,4092.0,4093.7,4085.4,4087.0
2026-07-29 10:45:00+00:00,4086.6,4087.7,4085.1,4086.1
2026-07-29 11:00:00+00:00,4086.8,4088.8,4084.0,4088.6
2026-07-29 11:15:00+00:00,4089.0,4092.7,4087.6,4091.7
2026-07-29 11:30:00+00:00,4092.0,4092.0,4089.6,4090.4
2026-07-29 11:45:00+00:00,4090.1,4095.4,4089.8,4091.5
2026-07-29 12:00:00+00:00,4091.7,4092.5,4084.8,4085.9
2026-07-29 12:15:00+00:00,4086.2,4086.4,4070.8,4072.0
2026-07-29 12:30:00+00:00,4071.2,4080.7,4067.4,4079.2
2026-07-29 12:45:00+00:00,4079.2,4082.3,4077.4,4080.9
2026-07-29 13:00:00+00:00,4081.3,4084.8,4073.5,4074.2
2026-07-29 13:15:00+00:00,4073.8,4081.7,4071.9,4072.5
2026-07-29 13:30:00+00:00,4072.8,4075.7,4068.0,4071.7
2026-07-29 13:45:00+00:00,4071.1,4073.9,4060.3,4064.8
2026-07-29 14:00:00+00:00,4065.1,4066.4,4053.9,4057.3
2026-07-29 14:15:00+00:00,4057.1,4068.4,4056.8,4063.9
2026-07-29 14:30:00+00:00,4063.6,4067.8,4057.5,4059.5
2026-07-29 14:45:00+00:00,4059.3,4064.0,4056.4,4063.2
2026-07-29 15:00:00+00:00,4063.6,4068.5,4061.7,4065.8
2026-07-29 15:15:00+00:00,4065.8,4069.9,4062.4,4069.1
2026-07-29 15:30:00+00:00,4069.2,4072.1,4065.4,4068.9
2026-07-29 15:45:00+00:00,4069.0,4072.2,4066.5,4068.5
2026-07-29 16:00:00+00:00,4068.5,4074.6,4066.3,4068.5
2026-07-29 16:15:00+00:00,4068.3,4076.4,4066.3,4075.1
2026-07-29 16:30:00+00:00,4075.0,4077.6,4073.4,4075.2
2026-07-29 16:45:00+00:00,4075.5,4091.7,4073.5,4086.1
2026-07-29 17:00:00+00:00,4086.2,4109.3,4086.1,4100.7
2026-07-29 17:15:00+00:00,4100.4,4109.0,4095.2,4097.2
2026-07-29 17:30:00+00:00,4097.1,4105.0,4094.1,4104.0
2026-07-29 17:45:00+00:00,4104.0,4106.4,4099.4,4102.9
2026-07-29 18:00:00+00:00,4103.1,4149.4,4101.3,4140.5
2026-07-29 18:15:00+00:00,4140.6,4143.7,4123.0,4127.0
2026-07-29 18:30:00+00:00,4126.6,4146.9,4111.1,4143.2
2026-07-29 18:45:00+00:00,4143.2,4170.3,4141.2,4166.8
2026-07-29 19:00:00+00:00,4167.1,4176.8,4149.8,4159.2
2026-07-29 19:15:00+00:00,4159.6,4164.4,4140.1,4143.6
2026-07-29 19:30:00+00:00,4143.7,4147.8,4124.5,4128.3
2026-07-29 19:45:00+00:00,4128.4,4131.4,4103.8,4104.7
2026-07-29 20:00:00+00:00,4104.2,4115.0,4101.7,4110.8
2026-07-29 20:15:00+00:00,4110.4,4116.2,4102.6,4114.2
2026-07-29 20:30:00+00:00,4114.2,4127.7,4112.7,4125.7
2026-07-29 20:45:00+00:00,4125.4,4128.9,4122.1,4126.0
2026-07-29 22:00:00+00:00,4126.7,4135.4,4121.1,4134.3
2026-07-29 22:15:00+00:00,4133.9,4135.5,4130.3,4132.7
2026-07-29 22:30:00+00:00,4132.5,4139.1,4130.5,4138.5
2026-07-29 22:45:00+00:00,4139.3,4148.2,4137.5,4146.3
2026-07-29 23:00:00+00:00,4146.5,4158.0,4146.2,4148.6
2026-07-29 23:15:00+00:00,4149.4,4152.5,4148.2,4151.1
2026-07-29 23:30:00+00:00,4151.6,4152.5,4147.3,4147.6
2026-07-29 23:45:00+00:00,4148.0,4150.7,4142.0,4142.0
2026-07-30 00:00:00+00:00,4142.5,4144.3,4136.7,4139.2
2026-07-30 00:15:00+00:00,4138.6,4141.0,4130.1,4132.6
2026-07-30 00:30:00+00:00,4133.8,4134.3,4122.3,4123.6
2026-07-30 00:45:00+00:00,4124.1,4130.5,4122.5,4129.7
2026-07-30 01:00:00+00:00,4130.0,4151.5,4127.8,4133.4
2026-07-30 01:15:00+00:00,4133.2,4142.6,4131.1,4139.0
2026-07-30 01:30:00+00:00,4138.8,4147.5,4138.2,4144.3
2026-07-30 01:45:00+00:00,4144.0,4149.0,4141.4,4142.4
2026-07-30 02:00:00+00:00,4142.1,4148.0,4139.9,4140.5
2026-07-30 02:15:00+00:00,4140.0,4141.0,4137.5,4140.5
2026-07-30 02:30:00+00:00,4140.2,4140.2,4131.0,4134.3
2026-07-30 02:45:00+00:00,4134.2,4134.8,4120.7,4121.4
2026-07-30 03:00:00+00:00,4121.1,4127.5,4117.8,4120.0
2026-07-30 03:15:00+00:00,4120.4,4121.4,4109.9,4111.1
2026-07-30 03:30:00+00:00,4111.3,4113.2,4107.6,4109.2
2026-07-30 03:45:00+00:00,4109.1,4116.9,4109.1,4114.1
2026-07-30 04:00:00+00:00,4115.9,4117.1,4108.9,4110.1
2026-07-30 04:15:00+00:00,4110.4,4111.9,4107.6,4110.7
2026-07-30 04:30:00+00:00,4110.9,4110.9,4104.1,4105.6
2026-07-30 04:45:00+00:00,4105.3,4108.7,4100.3,4102.5
2026-07-30 05:00:00+00:00,4102.2,4102.2,4098.2,4101.9
2026-07-30 05:15:00+00:00,4102.3,4104.0,4093.9,4103.5
2026-07-30 05:30:00+00:00,4103.2,4108.0,4085.0,4090.4
2026-07-30 05:45:00+00:00,4089.9,4095.2,4087.0,4090.4
2026-07-30 06:00:00+00:00,4090.8,4096.4,4088.2,4089.3
2026-07-30 06:15:00+00:00,4089.0,4096.3,4086.3,4090.5
2026-07-30 06:30:00+00:00,4090.1,4095.7,4088.3,4093.0
2026-07-30 06:45:00+00:00,4092.9,4098.1,4091.6,4093.8
2026-07-30 07:00:00+00:00,4093.8,4105.0,4092.7,4103.8
2026-07-30 07:15:00+00:00,4104.0,4108.5,4100.6,4103.2
2026-07-30 07:30:00+00:00,4103.0,4104.7,4093.0,4103.2
2026-07-30 07:45:00+00:00,4103.1,4103.8,4095.1,4096.1
2026-07-30 08:00:00+00:00,4096.1,4113.8,4093.9,4110.9
2026-07-30 08:15:00+00:00,4110.5,4126.4,4109.8,4122.0
2026-07-30 08:30:00+00:00,4122.1,4130.9,4121.1,4123.8
2026-07-30 08:45:00+00:00,4123.8,4128.7,4117.2,4119.2
2026-07-30 09:00:00+00:00,4119.4,4127.0,4118.3,4123.9
2026-07-30 09:15:00+00:00,4124.1,4130.3,4122.6,4125.6
2026-07-30 09:30:00+00:00,4125.5,4127.6,4118.4,4123.8
2026-07-30 09:45:00+00:00,4124.0,4131.5,4120.5,4121.5
2026-07-30 10:00:00+00:00,4121.8,4133.3,4121.2,4127.0
2026-07-30 10:15:00+00:00,4126.8,4136.3,4126.0,4134.8
2026-07-30 10:30:00+00:00,4134.8,4141.2,4133.5,4139.6
2026-07-30 10:45:00+00:00,4139.7,4142.2,4136.3,4136.4
2026-07-30 11:00:00+00:00,4136.5,4141.5,4136.0,4138.0
2026-07-30 11:15:00+00:00,4137.7,4140.4,4134.9,4136.6
2026-07-30 11:30:00+00:00,4136.7,4137.7,4134.7,4135.5
2026-07-30 11:45:00+00:00,4135.7,4138.9,4133.6,4136.0
2026-07-30 12:00:00+00:00,4136.0,4141.0,4132.7,4137.1
2026-07-30 12:15:00+00:00,4137.0,4139.8,4129.8,4135.4
2026-07-30 12:30:00+00:00,4139.0,4145.4,4129.8,4135.8
2026-07-30 12:45:00+00:00,4136.2,4137.6,4125.4,4127.4
2026-07-30 13:00:00+00:00,4127.3,4135.2,4123.2,4135.1
2026-07-30 13:15:00+00:00,4134.8,4142.2,4130.7,4138.6
2026-07-30 13:30:00+00:00,4138.6,4157.7,4133.2,4148.1
2026-07-30 13:45:00+00:00,4148.1,4172.5,4144.5,4172.0
2026-07-30 14:00:00+00:00,4172.1,4180.2,4153.4,4157.3
2026-07-30 14:15:00+00:00,4157.6,4159.6,4145.6,4155.2
2026-07-30 14:30:00+00:00,4155.3,4170.7,4154.0,4170.2
2026-07-30 14:45:00+00:00,4170.4,4172.7,4155.7,4159.1
2026-07-30 15:00:00+00:00,4159.4,4159.4,4141.9,4144.6
2026-07-30 15:15:00+00:00,4144.4,4156.2,4143.7,4155.1
2026-07-30 15:30:00+00:00,4155.0,4165.8,4151.8,4164.4
2026-07-30 15:45:00+00:00,4164.4,4169.2,4162.4,4167.0
2026-07-30 16:00:00+00:00,4166.8,4175.0,4166.8,4173.2
2026-07-30 16:15:00+00:00,4173.1,4178.3,4172.4,4175.4
2026-07-30 16:30:00+00:00,4175.4,4175.5,4167.3,4167.6
2026-07-30 16:45:00+00:00,4167.9,4169.8,4165.6,4169.8
2026-07-30 17:00:00+00:00,4169.8,4170.2,4163.8,4163.8
2026-07-30 17:15:00+00:00,4163.8,4167.3,4157.1,4160.8
2026-07-30 17:30:00+00:00,4160.5,4167.4,4158.9,4165.0
2026-07-30 17:45:00+00:00,4164.8,4167.4,4159.9,4161.5
2026-07-30 18:00:00+00:00,4161.5,4165.8,4161.5,4165.5
2026-07-30 18:15:00+00:00,4165.6,4165.6,4159.9,4162.3
2026-07-30 18:30:00+00:00,4162.9,4166.8,4162.0,4163.5
2026-07-30 18:45:00+00:00,4163.7,4164.1,4157.7,4158.8
2026-07-30 19:00:00+00:00,4158.7,4164.8,4158.0,4163.9
2026-07-30 19:15:00+00:00,4163.6,4174.1,4162.0,4172.0
2026-07-30 19:30:00+00:00,4171.5,4174.5,4170.3,4171.3
2026-07-30 19:45:00+00:00,4171.4,4172.3,4168.2,4171.2
2026-07-30 20:00:00+00:00,4171.3,4176.7,4169.3,4173.2
2026-07-30 20:15:00+00:00,4173.2,4174.2,4170.7,4171.3
2026-07-30 20:30:00+00:00,4171.4,4171.8,4161.3,4162.4
2026-07-30 20:45:00+00:00,4161.9,4163.1,4158.0,4162.8
2026-07-30 22:00:00+00:00,4163.9,4166.3,4158.0,4165.2
2026-07-30 22:15:00+00:00,4165.5,4166.8,4164.8,4165.8
2026-07-30 22:30:00+00:00,4165.8,4169.0,4165.4,4168.8
2026-07-30 22:45:00+00:00,4168.9,4169.8,4167.4,4167.4
2026-07-30 23:00:00+00:00,4168.1,4170.7,4164.8,4166.1
2026-07-30 23:15:00+00:00,4165.6,4166.1,4161.8,4162.8
2026-07-30 23:30:00+00:00,4162.8,4166.9,4160.8,4164.3
2026-07-30 23:45:00+00:00,4165.1,4168.8,4164.3,4164.4
2026-07-31 00:00:00+00:00,4164.8,4165.4,4159.2,4159.9
2026-07-31 00:15:00+00:00,4159.8,4162.4,4154.5,4154.9
2026-07-31 00:30:00+00:00,4155.1,4156.3,4149.0,4151.5
2026-07-31 00:45:00+00:00,4151.0,4155.0,4149.0,4153.5
2026-07-31 01:00:00+00:00,4153.5,4160.0,4146.8,4147.3
2026-07-31 01:15:00+00:00,4147.5,4153.2,4144.5,4150.3
2026-07-31 01:30:00+00:00,4150.3,4150.3,4142.0,4144.1
2026-07-31 01:45:00+00:00,4143.7,4147.4,4140.0,4142.5
2026-07-31 02:00:00+00:00,4142.7,4148.8,4139.8,4143.9
2026-07-31 02:15:00+00:00,4143.7,4143.7,4139.9,4140.3
2026-07-31 02:30:00+00:00,4140.0,4142.5,4133.4,4133.4
2026-07-31 02:45:00+00:00,4133.9,4136.6,4132.5,4134.1
2026-07-31 03:00:00+00:00,4134.0,4134.3,4129.7,4131.4
2026-07-31 03:15:00+00:00,4131.1,4133.8,4130.0,4133.2
2026-07-31 03:30:00+00:00,4133.3,4137.4,4132.9,4134.5
2026-07-31 03:45:00+00:00,4134.9,4135.5,4132.0,4133.1
2026-07-31 04:00:00+00:00,4132.6,4135.0,4131.0,4134.9
2026-07-31 04:15:00+00:00,4134.8,4138.1,4132.3,4138.0
2026-07-31 04:30:00+00:00,4137.9,4139.5,4137.1,4137.1
2026-07-31 04:45:00+00:00,4137.0,4138.0,4132.5,4137.6
2026-07-31 05:00:00+00:00,4138.0,4141.3,4137.5,4137.8
2026-07-31 05:15:00+00:00,4137.7,4140.9,4137.5,4138.9
2026-07-31 05:30:00+00:00,4139.0,4139.7,4133.7,4134.3
2026-07-31 05:45:00+00:00,4134.2,4134.2,4131.0,4132.1
2026-07-31 06:00:00+00:00,4132.4,4140.6,4130.5,4140.3
2026-07-31 06:15:00+00:00,4139.9,4145.3,4138.8,4143.2
2026-07-31 06:30:00+00:00,4142.7,4142.7,4134.9,4135.8
2026-07-31 06:45:00+00:00,4135.5,4139.4,4134.2,4135.4
2026-07-31 07:00:00+00:00,4135.0,4136.8,4133.0,4135.2
2026-07-31 07:15:00+00:00,4135.1,4136.8,4129.5,4130.5
2026-07-31 07:30:00+00:00,4130.2,4131.4,4125.5,4129.5
2026-07-31 07:45:00+00:00,4129.8,4132.0,4124.7,4125.1
2026-07-31 08:00:00+00:00,4125.4,4125.4,4118.4,4119.4
2026-07-31 08:15:00+00:00,4119.4,4124.6,4114.9,4115.7
2026-07-31 08:30:00+00:00,4115.7,4118.4,4110.8,4116.1
2026-07-31 08:45:00+00:00,4115.9,4121.3,4114.6,4117.6
2026-07-31 09:00:00+00:00,4117.3,4120.8,4111.6,4113.4
2026-07-31 09:15:00+00:00,4113.4,4114.2,4107.8,4108.7
2026-07-31 09:30:00+00:00,4108.4,4111.0,4106.5,4109.4
2026-07-31 09:45:00+00:00,4109.3,4113.6,4108.4,4111.3
2026-07-31 10:00:00+00:00,4111.2,4114.7,4109.5,4112.2
2026-07-31 10:15:00+00:00,4112.3,4112.4,4108.4,4109.6
2026-07-31 10:30:00+00:00,4109.2,4112.8,4109.2,4111.1
2026-07-31 10:45:00+00:00,4111.0,4113.5,4110.2,4110.8
2026-07-31 11:00:00+00:00,4110.7,4116.0,4108.2,4113.8
2026-07-31 11:15:00+00:00,4113.6,4117.4,4110.4,4115.0
2026-07-31 11:30:00+00:00,4114.9,4115.0,4106.7,4108.4
2026-07-31 11:45:00+00:00,4108.3,4111.6,4107.3,4110.0
2026-07-31 12:00:00+00:00,4110.3,4115.7,4108.8,4115.4
2026-07-31 12:15:00+00:00,4115.6,4115.7,4103.1,4103.5
2026-07-31 12:30:00+00:00,4103.4,4107.8,4098.5,4100.9
2026-07-31 12:45:00+00:00,4100.5,4102.4,4096.4,4096.8
2026-07-31 13:00:00+00:00,4096.6,4098.9,4090.5,4092.3
2026-07-31 13:15:00+00:00,4092.3,4103.4,4091.5,4098.9
2026-07-31 13:30:00+00:00,4098.5,4100.2,4078.3,4081.0
2026-07-31 13:45:00+00:00,4081.1,4088.3,4077.6,4081.5
2026-07-31 14:00:00+00:00,4080.8,4088.7,4076.4,4088.2
2026-07-31 14:15:00+00:00,4088.3,4096.5,4086.0,4095.1
2026-07-31 14:30:00+00:00,4094.9,4099.3,4092.8,4097.6
2026-07-31 14:45:00+00:00,4097.7,4106.9,4097.1,4105.6
2026-07-31 15:00:00+00:00,4105.8,4107.2,4099.2,4103.6
2026-07-31 15:15:00+00:00,4103.3,4109.1,4096.6,4097.3
2026-07-31 15:30:00+00:00,4097.3,4099.7,4093.0,4098.4
2026-07-31 15:45:00+00:00,4098.3,4103.0,4096.1,4101.8
2026-07-31 16:00:00+00:00,4101.8,4103.0,4097.6,4101.9
2026-07-31 16:15:00+00:00,4102.8,4104.6,4099.1,4103.6
2026-07-31 16:30:00+00:00,4103.7,4106.0,4097.2,4098.8
2026-07-31 16:45:00+00:00,4098.7,4101.2,4098.1,4099.3
2026-07-31 17:00:00+00:00,4099.2,4102.4,4097.3,4101.6
2026-07-31 17:15:00+00:00,4101.6,4109.8,4100.9,4106.6
2026-07-31 17:30:00+00:00,4106.8,4109.8,4103.8,4108.0
2026-07-31 17:45:00+00:00,4108.0,4111.0,4106.3,4109.8
2026-07-31 18:00:00+00:00,4110.0,4111.3,4102.9,4104.1
2026-07-31 18:15:00+00:00,4103.9,4107.9,4103.6,4107.1
2026-07-31 18:30:00+00:00,4107.0,4107.8,4103.9,4105.6
2026-07-31 18:45:00+00:00,4105.4,4107.5,4104.1,4106.6
2026-07-31 19:00:00+00:00,4106.8,4109.0,4102.6,4104.2
2026-07-31 19:15:00+00:00,4104.2,4106.6,4103.2,4106.4
2026-07-31 19:30:00+00:00,4106.4,4110.7,4104.9,4109.9
2026-07-31 19:45:00+00:00,4109.9,4111.9,4106.4,4107.7
2026-07-31 20:00:00+00:00,4107.6,4108.4,4101.9,4104.4
2026-07-31 20:15:00+00:00,4104.4,4105.3,4103.0,4104.4
2026-07-31 20:30:00+00:00,4104.3,4109.2,4103.6,4107.3
2026-07-31 20:45:00+00:00,4107.7,4108.6,4097.4,4107.0
2026-08-02 22:00:00+00:00,4131.1,4135.8,4130.7,4133.3
2026-08-02 22:15:00+00:00,4133.0,4134.2,4120.4,4122.7
2026-08-02 22:30:00+00:00,4122.7,4124.9,4120.5,4123.1
2026-08-02 22:45:00+00:00,4123.4,4123.6,4119.5,4119.9
2026-08-02 23:00:00+00:00,4120.0,4123.4,4119.0,4122.4
2026-08-02 23:15:00+00:00,4122.3,4128.4,4122.1,4127.9
2026-08-02 23:30:00+00:00,4127.8,4128.2,4123.7,4125.4
2026-08-02 23:45:00+00:00,4125.4,4130.5,4123.8,4130.4
2026-08-03 00:00:00+00:00,4130.5,4134.7,4125.6,4127.9
2026-08-03 00:15:00+00:00,4127.9,4128.5,4117.0,4119.6
2026-08-03 00:30:00+00:00,4119.8,4125.4,4112.4,4113.7
2026-08-03 00:45:00+00:00,4113.8,4116.4,4111.1,4112.8
2026-08-03 01:00:00+00:00,4112.9,4119.0,4106.3,4107.8
2026-08-03 01:15:00+00:00,4108.4,4110.4,4102.7,4108.2
2026-08-03 01:30:00+00:00,4108.4,4112.8,4103.0,4106.8
2026-08-03 01:45:00+00:00,4106.9,4113.4,4105.7,4112.7
2026-08-03 02:00:00+00:00,4112.7,4116.7,4109.0,4111.6
2026-08-03 02:15:00+00:00,4111.2,4116.5,4107.8,4113.6
2026-08-03 02:30:00+00:00,4113.9,4116.2,4108.0,4115.5
2026-08-03 02:45:00+00:00,4115.2,4122.3,4114.1,4117.8
2026-08-03 03:00:00+00:00,4117.6,4120.9,4116.2,4119.5
2026-08-03 03:15:00+00:00,4119.5,4123.2,4116.9,4119.0
2026-08-03 03:30:00+00:00,4119.3,4120.3,4115.5,4115.7
2026-08-03 03:45:00+00:00,4115.9,4122.1,4114.2,4120.0
2026-08-03 04:00:00+00:00,4120.4,4123.4,4119.4,4121.6
2026-08-03 04:15:00+00:00,4121.7,4126.2,4121.2,4123.6
2026-08-03 04:30:00+00:00,4123.5,4126.5,4123.5,4125.8
2026-08-03 04:45:00+00:00,4126.0,4127.2,4119.2,4119.2
2026-08-03 05:00:00+00:00,4119.0,4120.4,4111.8,4112.7
2026-08-03 05:15:00+00:00,4112.3,4117.9,4109.1,4115.5
2026-08-03 05:30:00+00:00,4115.3,4119.7,4110.3,4118.5
2026-08-03 05:45:00+00:00,4118.5,4125.2,4113.9,4124.2
2026-08-03 06:00:00+00:00,4124.3,4126.4,4121.2,4121.2
2026-08-03 06:15:00+00:00,4121.5,4127.3,4120.9,4123.6
2026-08-03 06:30:00+00:00,4123.5,4124.1,4115.7,4120.9
2026-08-03 06:45:00+00:00,4120.5,4122.2,4117.8,4118.9
2026-08-03 07:00:00+00:00,4119.0,4120.5,4114.8,4116.9
2026-08-03 07:15:00+00:00,4116.5,4117.3,4107.3,4114.2
2026-08-03 07:30:00+00:00,4113.9,4116.8,4112.0,4115.1
2026-08-03 07:45:00+00:00,4115.1,4119.0,4113.6,4117.1
2026-08-03 08:00:00+00:00,4117.0,4117.7,4114.2,4117.5
2026-08-03 08:15:00+00:00,4117.4,4118.0,4110.0,4111.3
2026-08-03 08:30:00+00:00,4111.3,4116.1,4110.4,4114.0
2026-08-03 08:45:00+00:00,4113.8,4116.7,4113.4,4115.0
2026-08-03 09:00:00+00:00,4115.3,4117.7,4112.8,4117.3
2026-08-03 09:15:00+00:00,4116.9,4116.9,4108.0,4108.4
2026-08-03 09:30:00+00:00,4108.5,4111.0,4102.3,4109.7
2026-08-03 09:45:00+00:00,4109.6,4114.4,4109.6,4111.6
2026-08-03 10:00:00+00:00,4111.6,4113.5,4109.4,4112.4
2026-08-03 10:15:00+00:00,4112.5,4113.6,4108.3,4110.0
2026-08-03 10:30:00+00:00,4110.0,4110.1,4105.1,4105.5
2026-08-03 10:45:00+00:00,4105.3,4107.4,4101.9,4105.4
2026-08-03 11:00:00+00:00,4105.7,4109.2,4103.2,4106.1
2026-08-03 11:15:00+00:00,4106.0,4106.4,4101.7,4104.7
2026-08-03 11:30:00+00:00,4104.5,4111.3,4104.0,4110.0
2026-08-03 11:45:00+00:00,4110.1,4119.4,4108.9,4118.9
2026-08-03 12:00:00+00:00,4119.0,4121.1,4110.8,4112.2
2026-08-03 12:15:00+00:00,4112.1,4112.5,4104.6,4107.0
2026-08-03 12:30:00+00:00,4107.2,4109.0,4098.1,4100.8
2026-08-03 12:45:00+00:00,4100.8,4104.7,4099.0,4103.4
2026-08-03 13:00:00+00:00,4103.6,4109.8,4093.6,4094.0
2026-08-03 13:15:00+00:00,4094.0,4095.9,4086.5,4089.5
2026-08-03 13:30:00+00:00,4089.6,4091.0,4074.0,4086.9
2026-08-03 13:45:00+00:00,4087.2,4090.4,4083.3,4087.2
2026-08-03 14:00:00+00:00,4086.6,4091.4,4081.6,4088.4
2026-08-03 14:15:00+00:00,4088.1,4091.4,4085.0,4087.6
2026-08-03 14:30:00+00:00,4087.6,4093.4,4087.1,4091.7
2026-08-03 14:45:00+00:00,4091.8,4094.9,4089.0,4091.6
2026-08-03 15:00:00+00:00,4091.7,4092.4,4085.5,4088.3
2026-08-03 15:15:00+00:00,4088.5,4093.6,4085.8,4087.9
2026-08-03 15:30:00+00:00,4088.0,4094.6,4086.1,4092.1
2026-08-03 15:45:00+00:00,4092.3,4096.4,4091.0,4091.6
2026-08-03 16:00:00+00:00,4091.6,4092.9,4089.9,4091.8
2026-08-03 16:15:00+00:00,4091.4,4094.1,4090.3,4092.5
2026-08-03 16:30:00+00:00,4092.5,4094.8,4091.2,4094.3
2026-08-03 16:45:00+00:00,4094.5,4094.5,4091.3,4092.4
2026-08-03 17:00:00+00:00,4092.7,4093.2,4088.7,4089.8
2026-08-03 17:15:00+00:00,4089.7,4093.5,4089.4,4090.0
2026-08-03 17:30:00+00:00,4090.1,4092.7,4089.7,4091.9
2026-08-03 17:45:00+00:00,4091.8,4092.3,4085.9,4086.4
2026-08-03 18:00:00+00:00,4086.4,4094.3,4085.4,4090.7
2026-08-03 18:15:00+00:00,4090.8,4094.9,4090.6,4093.9
2026-08-03 18:30:00+00:00,4093.7,4097.4,4092.4,4097.4
2026-08-03 18:45:00+00:00,4097.2,4101.0,4096.3,4099.6
2026-08-03 19:00:00+00:00,4099.5,4105.5,4099.5,4101.9
2026-08-03 19:15:00+00:00,4102.2,4110.2,4102.1,4108.8
2026-08-03 19:30:00+00:00,4108.9,4111.5,4107.7,4110.0
2026-08-03 19:45:00+00:00,4109.9,4112.0,4107.7,4108.2
2026-08-03 20:00:00+00:00,4108.3,4108.9,4106.2,4108.8
2026-08-03 20:15:00+00:00,4108.4,4111.9,4107.3,4110.2
2026-08-03 20:30:00+00:00,4110.6,4115.0,4110.0,4112.4
2026-08-03 20:45:00+00:00,4112.5,4113.5,4110.6,4110.9
2026-08-03 22:00:00+00:00,4109.6,4110.3,4104.6,4107.0
2026-08-03 22:15:00+00:00,4106.8,4108.2,4106.3,4107.5
2026-08-03 22:30:00+00:00,4107.8,4109.2,4107.0,4108.4
2026-08-03 22:45:00+00:00,4108.6,4109.6,4106.8,4108.6
2026-08-03 23:00:00+00:00,4108.6,4110.8,4105.5,4107.1
2026-08-03 23:15:00+00:00,4107.0,4110.6,4106.2,4107.3
2026-08-03 23:30:00+00:00,4107.4,4108.5,4106.6,4108.1
2026-08-03 23:45:00+00:00,4108.2,4109.6,4107.0,4109.3
2026-08-04 00:00:00+00:00,4109.2,4125.1,4108.7,4119.2
2026-08-04 00:15:00+00:00,4119.1,4120.3,4113.7,4114.6
2026-08-04 00:30:00+00:00,4114.9,4116.3,4110.9,4111.6
2026-08-04 00:45:00+00:00,4112.4,4113.8,4104.1,4104.9
2026-08-04 01:00:00+00:00,4104.8,4106.2,4098.2,4102.7
2026-08-04 01:15:00+00:00,4103.6,4108.0,4103.3,4104.7
2026-08-04 01:30:00+00:00,4105.0,4116.0,4104.0,4114.6
2026-08-04 01:45:00+00:00,4114.7,4117.6,4112.6,4114.8
2026-08-04 02:00:00+00:00,4114.8,4116.8,4111.1,4113.9
2026-08-04 02:15:00+00:00,4113.6,4115.4,4111.3,4112.2
2026-08-04 02:30:00+00:00,4112.2,4120.6,4111.1,4117.9
2026-08-04 02:45:00+00:00,4117.9,4118.2,4113.7,4114.6
2026-08-04 03:00:00+00:00,4114.3,4116.3,4112.0,4113.7
2026-08-04 03:15:00+00:00,4113.7,4117.5,4113.4,4113.7
2026-08-04 03:30:00+00:00,4113.5,4114.2,4107.7,4107.9
2026-08-04 03:45:00+00:00,4108.3,4110.8,4107.6,4108.2
2026-08-04 04:00:00+00:00,4107.4,4112.3,4106.4,4111.9
2026-08-04 04:15:00+00:00,4112.1,4117.0,4111.3,4116.7
2026-08-04 04:30:00+00:00,4116.8,4119.7,4116.0,4118.1
2026-08-04 04:45:00+00:00,4118.0,4121.9,4117.9,4119.3
2026-08-04 05:00:00+00:00,4119.2,4120.4,4112.7,4113.5
2026-08-04 05:15:00+00:00,4113.5,4119.7,4113.0,4119.3
2026-08-04 05:30:00+00:00,4119.5,4123.7,4115.0,4118.6
2026-08-04 05:45:00+00:00,4118.4,4120.1,4114.1,4117.3
2026-08-04 06:00:00+00:00,4117.9,4122.1,4117.8,4120.4
2026-08-04 06:15:00+00:00,4120.1,4120.8,4115.2,4115.6
2026-08-04 06:30:00+00:00,4115.6,4115.7,4111.4,4115.6
2026-08-04 06:45:00+00:00,4115.7,4119.7,4114.7,4119.3
2026-08-04 07:00:00+00:00,4119.5,4121.8,4116.6,4116.6
2026-08-04 07:15:00+00:00,4116.9,4121.8,4116.7,4119.0
2026-08-04 07:30:00+00:00,4119.0,4122.9,4117.5,4119.2
2026-08-04 07:45:00+00:00,4118.9,4122.4,4118.2,4121.8
2026-08-04 08:00:00+00:00,4121.9,4129.6,4120.7,4124.2
2026-08-04 08:15:00+00:00,4124.3,4124.9,4116.3,4119.5
2026-08-04 08:30:00+00:00,4119.2,4120.5,4114.4,4115.2
2026-08-04 08:45:00+00:00,4115.1,4115.3,4110.1,4110.8
2026-08-04 09:00:00+00:00,4110.5,4111.2,4104.1,4106.5
2026-08-04 09:15:00+00:00,4106.2,4107.8,4104.7,4105.9
2026-08-04 09:30:00+00:00,4106.2,4107.2,4102.0,4106.1
2026-08-04 09:45:00+00:00,4106.0,4106.9,4103.0,4105.1
2026-08-04 10:00:00+00:00,4105.7,4106.0,4102.7,4105.0
2026-08-04 10:15:00+00:00,4104.6,4105.6,4101.4,4104.6
2026-08-04 10:30:00+00:00,4105.0,4109.9,4102.0,4108.4
2026-08-04 10:45:00+00:00,4108.2,4116.4,4108.1,4109.8
2026-08-04 11:00:00+00:00,4109.4,4114.9,4108.1,4112.6
2026-08-04 11:15:00+00:00,4112.7,4117.2,4111.4,4117.1
2026-08-04 11:30:00+00:00,4117.2,4127.4,4116.1,4126.5
2026-08-04 11:45:00+00:00,4126.8,4141.8,4123.9,4132.1
2026-08-04 12:00:00+00:00,4132.3,4133.2,4117.6,4118.7
2026-08-04 12:15:00+00:00,4118.8,4126.9,4117.6,4124.8
2026-08-04 12:30:00+00:00,4125.0,4141.5,4125.0,4135.1
2026-08-04 12:45:00+00:00,4135.2,4136.1,4126.4,4127.8
2026-08-04 13:00:00+00:00,4128.1,4128.7,4117.2,4120.8
2026-08-04 13:15:00+00:00,4120.4,4147.9,4119.4,4135.4
2026-08-04 13:30:00+00:00,4135.6,4148.9,4132.8,4140.4
2026-08-04 13:45:00+00:00,4140.5,4151.5,4138.6,4140.7
2026-08-04 14:00:00+00:00,4140.7,4148.8,4140.2,4147.2
2026-08-04 14:15:00+00:00,4147.4,4149.3,4137.3,4140.4
2026-08-04 14:30:00+00:00,4140.6,4143.7,4131.3,4137.0
2026-08-04 14:45:00+00:00,4136.5,4141.9,4134.8,4140.4
2026-08-04 15:00:00+00:00,4140.5,4142.4,4136.5,4140.6
2026-08-04 15:15:00+00:00,4141.1,4141.2,4131.0,4135.0
2026-08-04 15:30:00+00:00,4134.4,4144.3,4133.0,4141.2
2026-08-04 15:45:00+00:00,4140.6,4145.8,4139.7,4144.2
2026-08-04 16:00:00+00:00,4144.4,4145.7,4141.2,4141.9
2026-08-04 16:15:00+00:00,4142.0,4147.0,4139.7,4144.7
2026-08-04 16:30:00+00:00,4144.6,4146.3,4141.6,4146.0
2026-08-04 16:45:00+00:00,4145.9,4150.7,4145.6,4150.4
2026-08-04 17:00:00+00:00,4150.2,4163.8,4149.4,4157.1
2026-08-04 17:15:00+00:00,4157.3,4158.5,4151.1,4151.9
2026-08-04 17:30:00+00:00,4151.8,4153.3,4148.8,4152.6
2026-08-04 17:45:00+00:00,4152.7,4153.5,4143.0,4143.1
2026-08-04 18:00:00+00:00,4142.8,4145.8,4141.7,4145.2
2026-08-04 18:15:00+00:00,4145.1,4146.0,4141.2,4141.4
2026-08-04 18:30:00+00:00,4141.6,4142.7,4133.2,4133.5
2026-08-04 18:45:00+00:00,4133.5,4138.1,4132.1,4136.8
2026-08-04 19:00:00+00:00,4136.6,4141.3,4135.7,4138.7
2026-08-04 19:15:00+00:00,4138.9,4141.9,4136.0,4137.3
2026-08-04 19:30:00+00:00,4137.2,4139.6,4136.0,4138.2
2026-08-04 19:45:00+00:00,4138.2,4139.1,4133.3,4135.3
2026-08-04 20:00:00+00:00,4135.6,4137.3,4135.1,4136.1
2026-08-04 20:15:00+00:00,4135.8,4135.8,4131.4,4132.2
2026-08-04 20:30:00+00:00,4132.1,4135.7,4132.0,4134.6
2026-08-04 20:45:00+00:00,4134.3,4135.2,4132.7,4134.2
2026-08-04 22:00:00+00:00,4133.8,4135.5,4132.7,4133.4
2026-08-04 22:15:00+00:00,4133.2,4136.1,4132.1,4135.6
2026-08-04 22:30:00+00:00,4136.0,4142.1,4135.3,4140.6
2026-08-04 22:45:00+00:00,4140.8,4140.8,4132.4,4132.5
2026-08-04 23:00:00+00:00,4132.8,4134.0,4125.5,4130.0
2026-08-04 23:15:00+00:00,4129.9,4131.4,4121.6,4123.7
2026-08-04 23:30:00+00:00,4123.2,4126.2,4122.1,4125.3
2026-08-04 23:45:00+00:00,4125.2,4129.5,4125.2,4128.7
2026-08-05 00:00:00+00:00,4128.6,4130.1,4126.3,4127.9
2026-08-05 00:15:00+00:00,4127.8,4134.9,4127.4,4134.6
2026-08-05 00:30:00+00:00,4134.9,4139.1,4133.9,4133.9
2026-08-05 00:45:00+00:00,4134.2,4139.3,4133.5,4138.2
2026-08-05 01:00:00+00:00,4138.5,4142.7,4133.4,4141.9
2026-08-05 01:15:00+00:00,4141.9,4144.7,4138.2,4139.8
2026-08-05 01:30:00+00:00,4140.5,4148.9,4135.7,4148.7
2026-08-05 01:45:00+00:00,4148.4,4158.5,4148.4,4157.2
2026-08-05 02:00:00+00:00,4157.2,4158.9,4152.2,4156.2
2026-08-05 02:15:00+00:00,4156.1,4165.0,4151.8,4160.1
2026-08-05 02:30:00+00:00,4160.5,4186.1,4158.2,4185.5
2026-08-05 02:45:00+00:00,4185.7,4192.6,4181.2,4186.2
2026-08-05 03:00:00+00:00,4186.5,4193.5,4184.3,4192.8
2026-08-05 03:15:00+00:00,4193.3,4193.8,4187.1,4187.7
2026-08-05 03:30:00+00:00,4187.8,4188.3,4185.0,4185.9
2026-08-05 03:45:00+00:00,4186.1,4187.8,4185.0,4186.6
2026-08-05 04:00:00+00:00,4186.1,4199.5,4186.0,4196.4
2026-08-05 04:15:00+00:00,4196.3,4198.7,4195.5,4196.5
2026-08-05 04:30:00+00:00,4196.5,4196.5,4191.0,4192.4
2026-08-05 04:45:00+00:00,4192.3,4194.0,4189.9,4193.4
2026-08-05 05:00:00+00:00,4193.3,4196.2,4192.7,4195.4
2026-08-05 05:15:00+00:00,4195.3,4200.4,4193.5,4197.9
2026-08-05 05:30:00+00:00,4198.0,4219.8,4197.9,4218.2
2026-08-05 05:45:00+00:00,4217.7,4233.0,4217.4,4222.2
2026-08-05 06:00:00+00:00,4222.4,4234.3,4220.2,4233.0
2026-08-05 06:15:00+00:00,4232.8,4233.4,4221.2,4228.4
2026-08-05 06:30:00+00:00,4228.3,4237.8,4226.7,4234.9
2026-08-05 06:45:00+00:00,4235.0,4237.4,4231.5,4237.1
2026-08-05 07:00:00+00:00,4236.7,4238.5,4225.0,4225.3
2026-08-05 07:15:00+00:00,4225.4,4228.4,4221.8,4223.3
2026-08-05 07:30:00+00:00,4223.5,4225.9,4220.9,4225.5
2026-08-05 07:45:00+00:00,4225.7,4231.0,4223.3,4229.9
2026-08-05 08:00:00+00:00,4229.9,4231.5,4223.3,4224.2
2026-08-05 08:15:00+00:00,4224.7,4226.9,4221.0,4223.8
2026-08-05 08:30:00+00:00,4223.9,4227.1,4220.9,4225.7
2026-08-05 08:45:00+00:00,4225.7,4226.1,4218.4,4219.7
2026-08-05 09:00:00+00:00,4220.0,4226.9,4219.8,4222.7
2026-08-05 09:15:00+00:00,4222.4,4222.4,4214.6,4216.6
2026-08-05 09:30:00+00:00,4216.6,4218.7,4213.0,4217.3
2026-08-05 09:45:00+00:00,4217.2,4218.4,4211.8,4216.9
2026-08-05 10:00:00+00:00,4216.8,4217.0,4209.3,4210.0
2026-08-05 10:15:00+00:00,4209.9,4217.3,4209.1,4215.8
2026-08-05 10:30:00+00:00,4216.1,4216.8,4212.7,4213.9
2026-08-05 10:45:00+00:00,4214.2,4220.7,4213.0,4220.4
2026-08-05 11:00:00+00:00,4220.6,4230.4,4219.8,4229.6
2026-08-05 11:15:00+00:00,4230.4,4240.4,4228.7,4235.5
2026-08-05 11:30:00+00:00,4235.6,4248.8,4233.4,4244.6
2026-08-05 11:45:00+00:00,4244.9,4252.2,4242.8,4248.5
2026-08-05 12:00:00+00:00,4248.5,4259.7,4248.5,4258.3
2026-08-05 12:15:00+00:00,4258.4,4273.6,4258.4,4265.1
2026-08-05 12:30:00+00:00,4265.3,4268.9,4253.0,4254.6
2026-08-05 12:45:00+00:00,4255.0,4255.7,4243.1,4244.1
2026-08-05 13:00:00+00:00,4243.9,4257.2,4243.8,4247.6
2026-08-05 13:15:00+00:00,4247.8,4258.3,4245.3,4257.4
2026-08-05 13:30:00+00:00,4257.4,4264.8,4252.8,4257.6
2026-08-05 13:45:00+00:00,4257.9,4266.7,4248.7,4265.8
2026-08-05 14:00:00+00:00,4265.1,4295.0,4263.1,4289.6
2026-08-05 14:15:00+00:00,4289.8,4300.6,4286.6,4297.1
2026-08-05 14:30:00+00:00,4296.7,4303.5,4288.7,4303.4
2026-08-05 14:45:00+00:00,4303.4,4307.8,4293.2,4304.3
2026-08-05 15:00:00+00:00,4303.9,4321.5,4302.4,4318.2
2026-08-05 15:15:00+00:00,4318.0,4325.5,4310.3,4317.7
2026-08-05 15:30:00+00:00,4317.5,4319.9,4312.4,4316.0
2026-08-05 15:45:00+00:00,4315.7,4315.7,4292.7,4293.0
2026-08-05 16:00:00+00:00,4293.6,4296.5,4285.0,4294.6
2026-08-05 16:15:00+00:00,4294.6,4302.6,4292.9,4301.6
2026-08-05 16:30:00+00:00,4301.9,4307.4,4299.3,4304.9
2026-08-05 16:45:00+00:00,4305.2,4308.1,4298.6,4302.8
2026-08-05 17:00:00+00:00,4302.9,4304.9,4299.7,4302.4
2026-08-05 17:15:00+00:00,4302.3,4307.0,4296.2,4305.0
2026-08-05 17:30:00+00:00,4304.9,4311.5,4301.1,4308.5
2026-08-05 17:45:00+00:00,4308.7,4313.0,4307.9,4311.0
2026-08-05 18:00:00+00:00,4310.7,4318.4,4309.6,4314.0
2026-08-05 18:15:00+00:00,4313.8,4328.2,4313.7,4323.8
2026-08-05 18:30:00+00:00,4323.2,4324.5,4314.6,4319.5
2026-08-05 18:45:00+00:00,4319.7,4324.0,4318.3,4321.2
2026-08-05 19:00:00+00:00,4321.0,4322.7,4316.6,4318.9
2026-08-05 19:15:00+00:00,4318.8,4318.8,4311.2,4314.0
2026-08-05 19:30:00+00:00,4313.7,4314.9,4308.8,4313.7
2026-08-05 19:45:00+00:00,4313.3,4313.9,4307.0,4307.6
2026-08-05 20:00:00+00:00,4307.9,4310.4,4307.4,4310.1
2026-08-05 20:15:00+00:00,4310.1,4310.4,4306.2,4306.6
2026-08-05 20:30:00+00:00,4306.8,4310.3,4305.8,4306.3
2026-08-05 20:45:00+00:00,4306.2,4308.2,4303.5,4308.0
2026-08-05 22:00:00+00:00,4307.0,4315.2,4304.9,4307.0
2026-08-05 22:15:00+00:00,4307.9,4308.7,4306.8,4308.2
2026-08-05 22:30:00+00:00,4307.6,4310.2,4307.2,4307.2
2026-08-05 22:45:00+00:00,4307.5,4309.5,4307.0,4309.5
2026-08-05 23:00:00+00:00,4309.4,4317.5,4308.3,4315.0
2026-08-05 23:15:00+00:00,4315.4,4323.2,4315.4,4322.2
2026-08-05 23:30:00+00:00,4322.5,4341.1,4319.8,4339.6
2026-08-05 23:45:00+00:00,4339.8,4339.8,4331.0,4337.3
2026-08-06 00:00:00+00:00,4337.2,4337.2,4323.5,4329.5
2026-08-06 00:15:00+00:00,4330.4,4344.2,4330.3,4334.0
2026-08-06 00:30:00+00:00,4333.6,4350.3,4333.6,4345.4
2026-08-06 00:45:00+00:00,4345.9,4360.0,4345.7,4354.7
2026-08-06 01:00:00+00:00,4354.6,4362.7,4339.3,4343.6
2026-08-06 01:15:00+00:00,4344.0,4347.5,4332.5,4335.8
2026-08-06 01:30:00+00:00,4335.5,4357.1,4335.3,4347.9
2026-08-06 01:45:00+00:00,4348.2,4357.8,4343.3,4346.9
2026-08-06 02:00:00+00:00,4346.7,4363.7,4344.0,4354.5
2026-08-06 02:15:00+00:00,4354.8,4359.2,4350.8,4351.1
2026-08-06 02:30:00+00:00,4350.9,4351.5,4339.8,4344.7
2026-08-06 02:45:00+00:00,4344.4,4346.1,4334.0,4337.8
2026-08-06 03:00:00+00:00,4337.2,4340.0,4332.9,4332.9
2026-08-06 03:15:00+00:00,4332.8,4333.2,4320.2,4325.5
2026-08-06 03:30:00+00:00,4325.2,4326.5,4321.0,4321.9
2026-08-06 03:45:00+00:00,4322.4,4324.9,4319.6,4324.9
2026-08-06 04:00:00+00:00,4324.5,4326.1,4321.1,4322.2
2026-08-06 04:15:00+00:00,4322.5,4322.9,4312.2,4315.0
2026-08-06 04:30:00+00:00,4315.1,4320.8,4315.1,4318.3
2026-08-06 04:45:00+00:00,4318.0,4322.1,4318.0,4321.4
2026-08-06 05:00:00+00:00,4321.3,4324.5,4315.8,4319.1
2026-08-06 05:15:00+00:00,4318.7,4318.8,4312.1,4312.9
2026-08-06 05:30:00+00:00,4312.7,4325.1,4306.2,4322.8
2026-08-06 05:45:00+00:00,4322.1,4327.5,4321.2,4326.0
2026-08-06 06:00:00+00:00,4325.8,4327.5,4315.7,4319.3
2026-08-06 06:15:00+00:00,4319.6,4320.1,4313.4,4316.3
2026-08-06 06:30:00+00:00,4316.4,4316.7,4308.2,4315.4
2026-08-06 06:45:00+00:00,4315.1,4317.0,4309.6,4314.7
2026-08-06 07:00:00+00:00,4314.7,4322.5,4311.9,4322.0
2026-08-06 07:15:00+00:00,4321.9,4324.0,4317.0,4321.0
2026-08-06 07:30:00+00:00,4316.3,4317.1,4313.8,4314.0
2026-08-06 07:45:00+00:00,4314.1,4322.1,4311.7,4321.7
2026-08-06 08:00:00+00:00,4322.0,4328.7,4319.4,4328.1
2026-08-06 08:15:00+00:00,4327.8,4329.7,4325.0,4327.3
2026-08-06 08:30:00+00:00,4327.2,4334.0,4325.8,4332.0
2026-08-06 08:45:00+00:00,4332.1,4337.7,4329.4,4337.1
2026-08-06 09:00:00+00:00,4337.2,4342.4,4334.7,4338.4
2026-08-06 09:15:00+00:00,4339.0,4344.2,4337.6,4341.9
2026-08-06 09:30:00+00:00,4342.3,4343.4,4331.4,4331.4
2026-08-06 09:45:00+00:00,4331.4,4335.4,4330.4,4332.6
2026-08-06 10:00:00+00:00,4332.6,4333.1,4328.1,4329.0
2026-08-06 10:15:00+00:00,4328.7,4330.4,4326.6,4328.4
2026-08-06 10:30:00+00:00,4328.9,4329.2,4322.8,4324.5
2026-08-06 10:45:00+00:00,4324.5,4330.9,4324.0,4330.0
2026-08-06 11:00:00+00:00,4330.0,4332.5,4325.4,4328.5
2026-08-06 11:15:00+00:00,4328.3,4330.7,4318.5,4323.4
2026-08-06 11:30:00+00:00,4323.4,4326.1,4318.4,4319.1
2026-08-06 11:45:00+00:00,4319.2,4323.0,4312.7,4322.6
2026-08-06 12:00:00+00:00,4322.2,4324.7,4314.4,4314.9
2026-08-06 12:15:00+00:00,4315.0,4321.7,4311.7,4320.5
2026-08-06 12:30:00+00:00,4320.8,4330.1,4316.7,4326.0
2026-08-06 12:45:00+00:00,4326.2,4326.6,4307.0,4308.6
2026-08-06 13:00:00+00:00,4308.5,4314.2,4288.4,4296.7
2026-08-06 13:15:00+00:00,4296.5,4306.4,4294.0,4305.9
2026-08-06 13:30:00+00:00,4305.8,4332.9,4304.3,4328.9
2026-08-06 13:45:00+00:00,4329.1,4329.1,4320.8,4325.9
2026-08-06 14:00:00+00:00,4326.1,4334.7,4323.2,4327.3
2026-08-06 14:15:00+00:00,4327.6,4328.1,4318.9,4324.8
2026-08-06 14:30:00+00:00,4324.7,4334.1,4324.7,4333.1
2026-08-06 14:45:00+00:00,4332.6,4334.6,4321.8,4332.2
2026-08-06 15:00:00+00:00,4332.2,4333.6,4320.5,4322.7
2026-08-06 15:15:00+00:00,4322.5,4322.8,4309.3,4313.4
2026-08-06 15:30:00+00:00,4313.7,4314.2,4303.9,4309.9
2026-08-06 15:45:00+00:00,4309.8,4310.1,4285.2,4291.5
2026-08-06 16:00:00+00:00,4291.8,4300.8,4288.3,4290.6
2026-08-06 16:15:00+00:00,4290.4,4290.7,4281.2,4288.2
2026-08-06 16:30:00+00:00,4288.3,4294.0,4288.1,4291.5
2026-08-06 16:45:00+00:00,4291.3,4300.6,4289.9,4299.4
2026-08-06 17:00:00+00:00,4299.6,4303.0,4297.6,4299.2
2026-08-06 17:15:00+00:00,4299.2,4301.3,4297.1,4300.5
2026-08-06 17:30:00+00:00,4300.2,4302.3,4297.1,4300.5
2026-08-06 17:45:00+00:00,4300.3,4307.0,4299.1,4305.8
2026-08-06 18:00:00+00:00,4305.9,4307.6,4302.6,4304.8
2026-08-06 18:15:00+00:00,4305.4,4308.0,4304.4,4305.1
2026-08-06 18:30:00+00:00,4305.0,4306.0,4299.2,4300.2
2026-08-06 18:45:00+00:00,4300.3,4304.3,4299.5,4302.2
2026-08-06 19:00:00+00:00,4302.1,4309.8,4301.8,4305.9
2026-08-06 19:15:00+00:00,4306.1,4307.1,4294.2,4296.5
2026-08-06 19:30:00+00:00,4296.6,4298.6,4292.0,4293.5
2026-08-06 19:45:00+00:00,4293.9,4309.3,4293.9,4307.8
2026-08-06 20:00:00+00:00,4307.7,4309.1,4301.7,4303.5
2026-08-06 20:15:00+00:00,4303.8,4304.4,4298.6,4300.8
2026-08-06 20:30:00+00:00,4300.5,4301.2,4294.1,4294.2
2026-08-06 20:45:00+00:00,4294.0,4300.7,4293.6,4298.7
2026-08-06 22:00:00+00:00,4298.3,4298.9,4293.9,4297.1
2026-08-06 22:15:00+00:00,4297.0,4301.8,4297.0,4301.2
2026-08-06 22:30:00+00:00,4300.9,4301.4,4297.1,4297.1
2026-08-06 22:45:00+00:00,4297.5,4301.2,4296.9,4298.3
2026-08-06 23:00:00+00:00,4298.6,4304.3,4298.4,4303.6
2026-08-06 23:15:00+00:00,4304.0,4304.9,4301.4,4303.7
2026-08-06 23:30:00+00:00,4303.5,4307.1,4303.3,4305.5
2026-08-06 23:45:00+00:00,4305.7,4311.8,4304.5,4311.0
2026-08-07 00:00:00+00:00,4310.7,4311.4,4301.7,4303.2
2026-08-07 00:15:00+00:00,4303.3,4304.7,4297.5,4302.1
2026-08-07 00:30:00+00:00,4302.0,4302.0,4288.2,4292.8
2026-08-07 00:45:00+00:00,4293.2,4295.2,4288.0,4291.2
2026-08-07 01:00:00+00:00,4290.9,4305.1,4289.8,4302.4
2026-08-07 01:15:00+00:00,4302.3,4308.4,4298.7,4302.1
2026-08-07 01:30:00+00:00,4302.1,4316.8,4297.7,4315.0
2026-08-07 01:45:00+00:00,4314.8,4317.5,4310.0,4314.7
2026-08-07 02:00:00+00:00,4314.6,4320.8,4314.0,4317.2
2026-08-07 02:15:00+00:00,4317.1,4319.7,4315.7,4319.4
2026-08-07 02:30:00+00:00,4319.9,4320.4,4308.4,4308.4
2026-08-07 02:45:00+00:00,4308.2,4314.8,4305.4,4309.1
2026-08-07 03:00:00+00:00,4309.1,4318.1,4308.3,4313.5
2026-08-07 03:15:00+00:00,4313.6,4317.3,4310.6,4317.3
2026-08-07 03:30:00+00:00,4317.4,4320.4,4316.6,4319.6
2026-08-07 03:45:00+00:00,4319.9,4325.0,4318.3,4322.8
2026-08-07 04:00:00+00:00,4325.3,4328.3,4321.3,4325.4
2026-08-07 04:15:00+00:00,4325.4,4328.4,4321.1,4324.4
2026-08-07 04:30:00+00:00,4324.3,4327.8,4320.2,4323.2
2026-08-07 04:45:00+00:00,4322.9,4326.2,4321.4,4324.1
2026-08-07 05:00:00+00:00,4324.1,4330.4,4320.4,4329.0
2026-08-07 05:15:00+00:00,4328.6,4329.9,4323.8,4325.7
2026-08-07 05:30:00+00:00,4325.9,4336.6,4325.3,4330.6
2026-08-07 05:45:00+00:00,4330.7,4340.0,4330.7,4337.7
2026-08-07 06:00:00+00:00,4337.7,4350.0,4337.1,4345.4
2026-08-07 06:15:00+00:00,4345.1,4350.2,4341.7,4341.7
2026-08-07 06:30:00+00:00,4341.9,4354.2,4338.6,4351.4
2026-08-07 06:45:00+00:00,4351.3,4358.0,4347.8,4356.3
2026-08-07 07:00:00+00:00,4356.2,4356.9,4349.1,4350.3
2026-08-07 07:15:00+00:00,4350.5,4351.6,4343.8,4344.3
2026-08-07 07:30:00+00:00,4344.5,4348.0,4343.1,4344.2
2026-08-07 07:45:00+00:00,4344.3,4350.2,4342.0,4348.9
2026-08-07 08:00:00+00:00,4349.2,4359.9,4347.9,4358.8
2026-08-07 08:15:00+00:00,4359.2,4360.0,4352.3,4353.8
2026-08-07 08:30:00+00:00,4354.0,4375.9,4353.4,4367.7
2026-08-07 08:45:00+00:00,4368.3,4370.5,4362.7,4365.4
2026-08-07 09:00:00+00:00,4365.6,4367.0,4363.6,4365.3
2026-08-07 09:15:00+00:00,4365.4,4370.7,4364.4,4365.9
2026-08-07 09:30:00+00:00,4366.4,4377.8,4361.6,4376.6
2026-08-07 09:45:00+00:00,4376.8,4380.1,4373.9,4375.6
2026-08-07 10:00:00+00:00,4375.8,4379.0,4367.2,4367.2
2026-08-07 10:15:00+00:00,4367.5,4373.7,4367.3,4373.1
2026-08-07 10:30:00+00:00,4373.1,4377.7,4372.4,4376.2
2026-08-07 10:45:00+00:00,4376.4,4380.2,4375.6,4376.4
2026-08-07 11:00:00+00:00,4376.3,4385.7,4376.3,4379.5
2026-08-07 11:15:00+00:00,4379.8,4386.7,4376.0,4384.4
2026-08-07 11:30:00+00:00,4384.5,4387.1,4380.2,4382.2
2026-08-07 11:45:00+00:00,4382.0,4386.5,4380.1,4380.8
2026-08-07 12:00:00+00:00,4380.6,4384.8,4374.1,4374.7
2026-08-07 12:15:00+00:00,4374.3,4376.6,4361.0,4370.8
2026-08-07 12:30:00+00:00,4373.0,4431.4,4370.8,4427.4
2026-08-07 12:45:00+00:00,4427.7,4432.3,4416.1,4421.9
2026-08-07 13:00:00+00:00,4421.6,4424.6,4405.5,4407.9
2026-08-07 13:15:00+00:00,4407.9,4418.2,4398.9,4416.8
2026-08-07 13:30:00+00:00,4416.8,4428.8,4409.7,4418.6
2026-08-07 13:45:00+00:00,4418.8,4420.6,4402.5,4408.3
2026-08-07 14:00:00+00:00,4408.4,4409.5,4386.9,4394.0
2026-08-07 14:15:00+00:00,4393.8,4413.0,4390.0,4408.7
2026-08-07 14:30:00+00:00,4409.1,4411.0,4402.3,4404.3
2026-08-07 14:45:00+00:00,4404.8,4409.0,4400.1,4401.3
2026-08-07 15:00:00+00:00,4401.4,4416.0,4400.0,4415.0
2026-08-07 15:15:00+00:00,4415.5,4418.1,4410.5,4410.8
2026-08-07 15:30:00+00:00,4410.9,4413.3,4406.6,4408.7
2026-08-07 15:45:00+00:00,4408.8,4410.8,4398.9,4400.4
2026-08-07 16:00:00+00:00,4400.4,4409.2,4397.9,4407.0
2026-08-07 16:15:00+00:00,4407.2,4409.4,4393.8,4396.9
2026-08-07 16:30:00+00:00,4396.8,4401.6,4391.9,4398.3
2026-08-07 16:45:00+00:00,4398.1,4402.0,4388.8,4389.5
2026-08-07 17:00:00+00:00,4388.7,4398.1,4387.4,4395.2
2026-08-07 17:15:00+00:00,4395.0,4401.7,4393.2,4398.9
2026-08-07 17:30:00+00:00,4399.1,4399.5,4389.0,4395.7
2026-08-07 17:45:00+00:00,4395.3,4402.5,4394.2,4400.0
2026-08-07 18:00:00+00:00,4399.8,4403.0,4394.6,4394.8
2026-08-07 18:15:00+00:00,4395.0,4398.0,4391.9,4394.1
2026-08-07 18:30:00+00:00,4394.3,4399.0,4393.3,4394.1
2026-08-07 18:45:00+00:00,4394.4,4397.5,4393.4,4395.6
2026-08-07 19:00:00+00:00,4395.7,4406.3,4395.7,4403.7
2026-08-07 19:15:00+00:00,4404.0,4410.6,4403.3,4408.4
2026-08-07 19:30:00+00:00,4408.6,4408.9,4404.4,4407.8
2026-08-07 19:45:00+00:00,4407.5,4409.0,4399.6,4403.1
2026-08-07 20:00:00+00:00,4403.0,4404.6,4397.5,4401.8
2026-08-07 20:15:00+00:00,4401.7,4402.2,4396.5,4397.3
2026-08-07 20:30:00+00:00,4396.9,4401.6,4395.3,4400.8
2026-08-07 20:45:00+00:00,4400.5,4402.6,4398.4,4399.7
2026-08-09 22:00:00+00:00,4398.0,4405.5,4398.0,4402.3
2026-08-09 22:15:00+00:00,4402.3,4404.1,4397.0,4402.9
2026-08-09 22:30:00+00:00,4402.9,4404.4,4398.6,4398.9
2026-08-09 22:45:00+00:00,4398.8,4403.0,4398.7,4400.2
2026-08-09 23:00:00+00:00,4400.4,4406.8,4399.5,4405.3
2026-08-09 23:15:00+00:00,4405.7,4408.0,4403.1,4405.5
2026-08-09 23:30:00+00:00,4405.5,4406.5,4398.9,4401.1
2026-08-09 23:45:00+00:00,4400.7,4402.2,4390.8,4392.0
2026-08-10 00:00:00+00:00,4391.9,4406.0,4391.4,4403.4
2026-08-10 00:15:00+00:00,4403.7,4404.7,4396.1,4396.7
2026-08-10 00:30:00+00:00,4396.6,4398.1,4392.4,4393.3
2026-08-10 00:45:00+00:00,4393.0,4396.2,4389.8,4391.3
2026-08-10 01:00:00+00:00,4391.5,4400.0,4382.0,4382.9
2026-08-10 01:15:00+00:00,4383.5,4388.8,4376.7,4376.9
2026-08-10 01:30:00+00:00,4376.7,4381.2,4373.9,4377.9
2026-08-10 01:45:00+00:00,4378.0,4384.3,4376.4,4383.0
2026-08-10 02:00:00+00:00,4382.8,4386.6,4379.7,4385.1
2026-08-10 02:15:00+00:00,4385.0,4392.1,4384.0,4390.9
2026-08-10 02:30:00+00:00,4391.0,4392.5,4383.4,4386.6
2026-08-10 02:45:00+00:00,4386.8,4387.4,4379.0,4380.0
2026-08-10 03:00:00+00:00,4379.6,4381.1,4377.4,4379.9
2026-08-10 03:15:00+00:00,4380.0,4388.3,4379.8,4387.9
2026-08-10 03:30:00+00:00,4387.7,4390.3,4385.4,4386.0
2026-08-10 03:45:00+00:00,4385.8,4388.6,4384.6,4387.8
2026-08-10 04:00:00+00:00,4387.7,4393.2,4383.6,4392.6
2026-08-10 04:15:00+00:00,4392.8,4397.8,4391.3,4394.5
2026-08-10 04:30:00+00:00,4394.9,4396.6,4389.8,4392.1
2026-08-10 04:45:00+00:00,4392.1,4399.8,4391.2,4399.5
2026-08-10 05:00:00+00:00,4399.1,4399.7,4393.2,4394.7
2026-08-10 05:15:00+00:00,4395.1,4396.0,4392.6,4393.7
2026-08-10 05:30:00+00:00,4393.5,4404.4,4391.5,4403.9
2026-08-10 05:45:00+00:00,4403.5,4412.5,4400.8,4407.0
2026-08-10 06:00:00+00:00,4407.3,4409.9,4401.5,4407.0
2026-08-10 06:15:00+00:00,4407.2,4409.6,4402.3,4407.7
2026-08-10 06:30:00+00:00,4407.6,4415.2,4405.3,4414.6
2026-08-10 06:45:00+00:00,4415.0,4419.5,4414.6,4417.8
2026-08-10 07:00:00+00:00,4417.8,4418.4,4409.4,4410.3
2026-08-10 07:15:00+00:00,4410.5,4418.5,4409.7,4414.5
2026-08-10 07:30:00+00:00,4414.3,4419.5,4412.0,4418.7
2026-08-10 07:45:00+00:00,4418.6,4421.5,4414.0,4414.7
2026-08-10 08:00:00+00:00,4415.0,4415.5,4411.1,4414.0
2026-08-10 08:15:00+00:00,4413.5,4415.7,4411.4,4415.1
2026-08-10 08:30:00+00:00,4414.8,4416.0,4404.7,4405.3
2026-08-10 08:45:00+00:00,4405.2,4408.3,4402.9,4405.6
2026-08-10 09:00:00+00:00,4405.6,4409.2,4404.6,4408.9
2026-08-10 09:15:00+00:00,4409.0,4409.0,4404.1,4406.1
2026-08-10 09:30:00+00:00,4405.7,4406.1,4398.4,4403.3
2026-08-10 09:45:00+00:00,4403.2,4404.8,4399.8,4400.1
2026-08-10 10:00:00+00:00,4400.4,4400.8,4398.2,4399.9
2026-08-10 10:15:00+00:00,4399.7,4403.2,4398.5,4402.6
2026-08-10 10:30:00+00:00,4402.7,4403.3,4396.7,4396.9
2026-08-10 10:45:00+00:00,4396.8,4400.0,4394.6,4395.2
2026-08-10 11:00:00+00:00,4395.3,4396.0,4386.3,4390.5
2026-08-10 11:15:00+00:00,4390.1,4395.7,4388.0,4394.0
2026-08-10 11:30:00+00:00,4393.7,4398.5,4393.7,4396.5
2026-08-10 11:45:00+00:00,4396.6,4397.0,4391.2,4393.9
2026-08-10 12:00:00+00:00,4393.8,4396.4,4389.6,4390.4
2026-08-10 12:15:00+00:00,4390.7,4391.2,4382.8,4386.5
2026-08-10 12:30:00+00:00,4386.4,4391.5,4385.2,4387.9
2026-08-10 12:45:00+00:00,4387.6,4394.6,4387.3,4391.6
2026-08-10 13:00:00+00:00,4391.1,4396.6,4384.8,4396.1
2026-08-10 13:15:00+00:00,4396.4,4396.5,4387.9,4394.0
2026-08-10 13:30:00+00:00,4394.0,4398.4,4388.0,4389.2
2026-08-10 13:45:00+00:00,4388.8,4390.2,4375.0,4376.3
2026-08-10 14:00:00+00:00,4376.2,4390.0,4376.2,4388.8
2026-08-10 14:15:00+00:00,4388.7,4407.2,4387.3,4404.4
2026-08-10 14:30:00+00:00,4404.3,4411.3,4404.0,4409.1
2026-08-10 14:45:00+00:00,4409.2,4410.6,4402.4,4405.2
2026-08-10 15:00:00+00:00,4405.2,4411.8,4402.7,4406.4
2026-08-10 15:15:00+00:00,4406.4,4412.2,4405.5,4408.8
2026-08-10 15:30:00+00:00,4409.0,4411.6,4407.4,4409.5
2026-08-10 15:45:00+00:00,4410.0,4419.2,4408.0,4417.9
2026-08-10 16:00:00+00:00,4418.1,4424.5,4416.4,4420.9
2026-08-10 16:15:00+00:00,4420.9,4424.0,4420.5,4422.1
2026-08-10 16:30:00+00:00,4422.2,4422.5,4408.6,4411.0
2026-08-10 16:45:00+00:00,4411.0,4416.5,4411.0,4416.3
2026-08-10 17:00:00+00:00,4416.4,4417.3,4410.5,4416.5
2026-08-10 17:15:00+00:00,4416.1,4420.5,4415.1,4420.5
2026-08-10 17:30:00+00:00,4420.3,4425.2,4418.9,4419.6
2026-08-10 17:45:00+00:00,4419.5,4420.6,4416.6,4419.2
2026-08-10 18:00:00+00:00,4419.4,4424.8,4418.8,4422.3
2026-08-10 18:15:00+00:00,4422.0,4426.5,4420.7,4425.0
2026-08-10 18:30:00+00:00,4425.2,4442.5,4424.5,4438.7
2026-08-10 18:45:00+00:00,4438.9,4438.9,4432.8,4437.7
2026-08-10 19:00:00+00:00,4437.8,4441.9,4437.8,4441.3
2026-08-10 19:15:00+00:00,4441.2,4450.7,4440.5,4449.7
2026-08-10 19:30:00+00:00,4449.8,4453.1,4443.3,4446.5
2026-08-10 19:45:00+00:00,4447.2,4453.8,4445.9,4446.8
2026-08-10 20:00:00+00:00,4447.0,4449.6,4444.7,4448.2
2026-08-10 20:15:00+00:00,4448.6,4451.1,4445.5,4450.2
2026-08-10 20:30:00+00:00,4450.3,4451.3,4448.9,4449.1
2026-08-10 20:45:00+00:00,4448.9,4450.0,4447.6,4448.6
2026-08-10 22:00:00+00:00,4446.9,4452.3,4443.2,4450.1
2026-08-10 22:15:00+00:00,4450.5,4452.6,4450.5,4451.0
2026-08-10 22:30:00+00:00,4451.3,4455.6,4451.3,4454.6
2026-08-10 22:45:00+00:00,4454.5,4460.4,4454.5,4459.0
2026-08-10 23:00:00+00:00,4459.1,4461.6,4455.2,4457.0
2026-08-10 23:15:00+00:00,4456.7,4457.0,4453.9,4455.1
2026-08-10 23:30:00+00:00,4454.9,4458.5,4454.4,4458.0
2026-08-10 23:45:00+00:00,4458.4,4462.4,4455.7,4462.1
2026-08-11 00:00:00+00:00,4462.3,4468.6,4456.0,4464.8
2026-08-11 00:15:00+00:00,4464.6,4475.5,4463.8,4473.5
2026-08-11 00:30:00+00:00,4473.1,4473.3,4466.5,4473.2
2026-08-11 00:45:00+00:00,4473.5,4478.6,4467.3,4468.5
2026-08-11 01:00:00+00:00,4469.0,4475.0,4453.0,4473.9
2026-08-11 01:15:00+00:00,4473.8,4480.0,4472.5,4479.2
2026-08-11 01:30:00+00:00,4479.4,4483.1,4475.4,4475.5
2026-08-11 01:45:00+00:00,4475.4,4493.7,4474.6,4489.2
2026-08-11 02:00:00+00:00,4489.2,4494.5,4481.0,4494.0
2026-08-11 02:15:00+00:00,4494.0,4495.0,4486.0,4488.5
2026-08-11 02:30:00+00:00,4488.2,4489.1,4473.9,4478.6
2026-08-11 02:45:00+00:00,4478.4,4479.3,4468.0,4470.8
2026-08-11 03:00:00+00:00,4470.7,4475.2,4469.6,4473.5
2026-08-11 03:15:00+00:00,4473.4,4480.8,4473.1,4480.0
2026-08-11 03:30:00+00:00,4480.3,4481.4,4475.2,4475.7
2026-08-11 03:45:00+00:00,4475.8,4478.6,4473.7,4477.0
2026-08-11 04:00:00+00:00,4476.5,4479.2,4472.0,4473.7
2026-08-11 04:15:00+00:00,4474.3,4475.9,4469.7,4474.9
2026-08-11 04:30:00+00:00,4474.6,4480.3,4468.2,4469.9
2026-08-11 04:45:00+00:00,4470.0,4471.2,4463.3,4468.7
2026-08-11 05:00:00+00:00,4468.8,4468.9,4459.0,4462.1
2026-08-11 05:15:00+00:00,4461.6,4461.9,4450.0,4451.8
2026-08-11 05:30:00+00:00,4451.6,4451.6,4432.2,4437.1
2026-08-11 05:45:00+00:00,4436.9,4438.3,4427.1,4435.2
2026-08-11 06:00:00+00:00,4434.7,4442.0,4431.3,4432.2
2026-08-11 06:15:00+00:00,4432.1,4435.2,4421.0,4422.9
2026-08-11 06:30:00+00:00,4422.8,4428.6,4418.8,4422.9
2026-08-11 06:45:00+00:00,4422.9,4426.6,4418.7,4425.3
2026-08-11 07:00:00+00:00,4425.2,4426.5,4420.4,4422.4
2026-08-11 07:15:00+00:00,4422.5,4425.2,4416.6,4422.2
2026-08-11 07:30:00+00:00,4422.5,4424.1,4415.7,4417.5
2026-08-11 07:45:00+00:00,4417.8,4420.7,4415.8,4416.6
2026-08-11 08:00:00+00:00,4417.1,4426.5,4416.1,4424.3
2026-08-11 08:15:00+00:00,4424.2,4428.4,4418.0,4427.7
2026-08-11 08:30:00+00:00,4427.5,4434.6,4427.4,4433.3
2026-08-11 08:45:00+00:00,4433.6,4435.5,4427.7,4428.1
2026-08-11 09:00:00+00:00,4428.0,4431.8,4426.1,4431.2
2026-08-11 09:15:00+00:00,4431.2,4434.4,4429.5,4430.3
2026-08-11 09:30:00+00:00,4430.5,4433.9,4428.8,4429.5
2026-08-11 09:45:00+00:00,4429.2,4433.8,4429.1,4431.4
2026-08-11 10:00:00+00:00,4431.3,4435.0,4430.0,4431.7
2026-08-11 10:15:00+00:00,4431.7,4441.0,4431.2,4437.3
2026-08-11 10:30:00+00:00,4437.3,4440.1,4435.5,4436.2
2026-08-11 10:45:00+00:00,4436.6,4441.2,4436.2,4441.2
2026-08-11 11:00:00+00:00,4441.1,4451.8,4439.1,4449.5
2026-08-11 11:15:00+00:00,4449.8,4450.5,4443.6,4445.7
2026-08-11 11:30:00+00:00,4445.9,4446.4,4441.4,4444.6
2026-08-11 11:45:00+00:00,4444.4,4448.1,4443.4,4446.1
2026-08-11 12:00:00+00:00,4446.2,4456.0,4442.2,4455.1
2026-08-11 12:15:00+00:00,4455.6,4458.4,4446.2,4449.2
2026-08-11 12:30:00+00:00,4449.7,4457.3,4446.8,4456.9
2026-08-11 12:45:00+00:00,4457.0,4458.8,4450.2,4450.6
2026-08-11 13:00:00+00:00,4450.7,4459.7,4449.7,4452.8
2026-08-11 13:15:00+00:00,4452.7,4459.9,4448.4,4456.8
2026-08-11 13:30:00+00:00,4457.2,4460.9,4447.7,4458.7
2026-08-11 13:45:00+00:00,4459.1,4463.3,4442.9,4448.2
2026-08-11 14:00:00+00:00,4448.2,4449.3,4439.9,4445.6
2026-08-11 14:15:00+00:00,4445.9,4449.3,4440.6,4443.1
2026-08-11 14:30:00+00:00,4443.0,4454.8,4443.0,4453.0
2026-08-11 14:45:00+00:00,4453.0,4457.4,4451.1,4453.6
2026-08-11 15:00:00+00:00,4453.6,4458.2,4448.6,4451.4
2026-08-11 15:15:00+00:00,4451.3,4451.6,4440.9,4445.8
2026-08-11 15:30:00+00:00,4445.5,4445.8,4428.2,4435.1
2026-08-11 15:45:00+00:00,4435.2,4443.4,4434.3,4443.2
2026-08-11 16:00:00+00:00,4443.5,4444.4,4438.2,4439.6
2026-08-11 16:15:00+00:00,4439.4,4443.2,4438.2,4442.4
2026-08-11 16:30:00+00:00,4442.6,4445.3,4438.9,4444.4
2026-08-11 16:45:00+00:00,4444.5,4445.0,4440.6,4443.1
2026-08-11 17:00:00+00:00,4443.3,4445.7,4440.8,4440.9
2026-08-11 17:15:00+00:00,4440.6,4443.8,4438.3,4440.8
2026-08-11 17:30:00+00:00,4440.6,4441.5,4433.9,4435.7
2026-08-11 17:45:00+00:00,4435.3,4437.1,4428.2,4428.3
2026-08-11 18:00:00+00:00,4428.5,4428.7,4419.7,4423.1
2026-08-11 18:15:00+00:00,4423.0,4426.5,4419.7,4420.5
2026-08-11 18:30:00+00:00,4420.4,4431.0,4420.3,4430.2
2026-08-11 18:45:00+00:00,4430.4,4431.9,4428.9,4430.4
2026-08-11 19:00:00+00:00,4430.4,4431.2,4422.3,4422.4
2026-08-11 19:15:00+00:00,4423.0,4430.2,4420.0,4429.7
2026-08-11 19:30:00+00:00,4429.8,4433.6,4425.7,4427.1
2026-08-11 19:45:00+00:00,4427.4,4432.1,4425.6,4429.7
2026-08-11 20:00:00+00:00,4429.3,4430.0,4427.1,4429.5
2026-08-11 20:15:00+00:00,4428.9,4430.0,4426.5,4429.3
2026-08-11 20:30:00+00:00,4429.5,4429.5,4426.6,4426.7
2026-08-11 20:45:00+00:00,4426.4,4428.3,4426.1,4427.8
2026-08-11 22:00:00+00:00,4430.0,4433.6,4427.8,4432.2
2026-08-11 22:15:00+00:00,4432.4,4435.2,4431.5,4434.9
2026-08-11 22:30:00+00:00,4434.9,4436.3,4433.5,4434.5
2026-08-11 22:45:00+00:00,4435.0,4437.8,4426.1,4427.9
2026-08-11 23:00:00+00:00,4428.7,4428.7,4421.4,4425.4
2026-08-11 23:15:00+00:00,4424.7,4433.0,4424.0,4431.6
2026-08-11 23:30:00+00:00,4431.5,4431.6,4425.6,4426.7
2026-08-11 23:45:00+00:00,4427.0,4431.0,4427.0,4430.4
2026-08-12 00:00:00+00:00,4430.6,4438.4,4426.0,4437.5
2026-08-12 00:15:00+00:00,4437.3,4440.5,4433.2,4440.0
2026-08-12 00:30:00+00:00,4440.5,4442.9,4438.8,4442.4
2026-08-12 00:45:00+00:00,4442.3,4442.5,4437.2,4440.2
2026-08-12 01:00:00+00:00,4440.3,4450.2,4438.0,4449.6
2026-08-12 01:15:00+00:00,4450.2,4454.0,4446.2,4450.0
2026-08-12 01:30:00+00:00,4450.1,4452.9,4444.7,4452.4
2026-08-12 01:45:00+00:00,4452.5,4456.9,4450.8,4456.2
2026-08-12 02:00:00+00:00,4456.1,4464.0,4453.9,4460.9
2026-08-12 02:15:00+00:00,4460.7,4462.7,4458.5,4461.5
2026-08-12 02:30:00+00:00,4461.3,4467.6,4456.7,4464.9
2026-08-12 02:45:00+00:00,4465.0,4474.2,4464.7,4470.8
2026-08-12 03:00:00+00:00,4471.1,4475.7,4468.1,4470.7
2026-08-12 03:15:00+00:00,4470.5,4470.6,4464.5,4467.1
2026-08-12 03:30:00+00:00,4468.3,4468.8,4461.4,4461.6
2026-08-12 03:45:00+00:00,4461.5,4463.8,4460.6,4461.8
2026-08-12 04:00:00+00:00,4462.4,4463.1,4456.4,4457.5
2026-08-12 04:15:00+00:00,4457.2,4459.5,4455.4,4459.1
2026-08-12 04:30:00+00:00,4459.3,4460.2,4455.3,4460.2
2026-08-12 04:45:00+00:00,4459.8,4462.4,4459.1,4461.0
2026-08-12 05:00:00+00:00,4460.9,4465.1,4460.0,4461.0
2026-08-12 05:15:00+00:00,4460.7,4460.7,4451.9,4452.4
2026-08-12 05:30:00+00:00,4452.2,4456.7,4447.9,4448.0
2026-08-12 05:45:00+00:00,4447.8,4454.1,4444.0,4451.0
2026-08-12 06:00:00+00:00,4450.9,4452.9,4445.3,4447.3
2026-08-12 06:15:00+00:00,4446.9,4450.6,4445.8,4449.6
2026-08-12 06:30:00+00:00,4449.9,4457.4,4448.5,4453.9
2026-08-12 06:45:00+00:00,4454.4,4466.1,4454.4,4463.2
2026-08-12 07:00:00+00:00,4463.0,4465.7,4460.4,4460.8
2026-08-12 07:15:00+00:00,4460.8,4462.1,4457.4,4461.7
2026-08-12 07:30:00+00:00,4461.7,4467.8,4460.8,4467.5
2026-08-12 07:45:00+00:00,4467.3,4469.5,4464.1,4465.9
2026-08-12 08:00:00+00:00,4465.9,4470.1,4465.3,4467.9
2026-08-12 08:15:00+00:00,4467.9,4469.0,4465.0,4466.6
2026-08-12 08:30:00+00:00,4466.4,4466.9,4463.6,4464.9
2026-08-12 08:45:00+00:00,4464.6,4464.6,4460.6,4460.6
2026-08-12 09:00:00+00:00,4460.9,4472.7,4460.9,4472.2
2026-08-12 09:15:00+00:00,4472.6,4484.2,4471.8,4472.7
2026-08-12 09:30:00+00:00,4472.7,4476.8,4471.6,4473.4
2026-08-12 09:45:00+00:00,4473.3,4476.2,4470.0,4475.4
2026-08-12 10:00:00+00:00,4475.5,4479.8,4474.1,4477.7
2026-08-12 10:15:00+00:00,4477.8,4480.4,4476.9,4479.2
2026-08-12 10:30:00+00:00,4479.2,4479.2,4472.2,4474.2
2026-08-12 10:45:00+00:00,4474.1,4475.0,4465.9,4472.0
2026-08-12 11:00:00+00:00,4472.3,4474.5,4467.2,4467.6
2026-08-12 11:15:00+00:00,4467.7,4476.6,4467.5,4474.6
2026-08-12 11:30:00+00:00,4474.9,4475.7,4469.9,4473.0
2026-08-12 11:45:00+00:00,4473.2,4475.3,4472.1,4472.4
2026-08-12 12:00:00+00:00,4472.4,4472.6,4465.5,4468.1
2026-08-12 12:15:00+00:00,4468.0,4487.7,4463.5,4487.7
2026-08-12 12:30:00+00:00,4488.0,4498.0,4440.0,4488.3
2026-08-12 12:45:00+00:00,4488.5,4499.3,4475.9,4498.2
2026-08-12 13:00:00+00:00,4497.8,4502.7,4480.0,4481.9
2026-08-12 13:15:00+00:00,4481.7,4488.9,4474.4,4478.2
2026-08-12 13:30:00+00:00,4478.4,4480.9,4468.0,4475.8
2026-08-12 13:45:00+00:00,4476.4,4494.0,4475.7,4487.4
2026-08-12 14:00:00+00:00,4487.5,4495.2,4480.4,4491.9
2026-08-12 14:15:00+00:00,4492.1,4499.8,4490.0,4491.5
2026-08-12 14:30:00+00:00,4491.3,4496.0,4476.1,4484.8
2026-08-12 14:45:00+00:00,4484.7,4492.0,4475.8,4481.4
2026-08-12 15:00:00+00:00,4481.2,4489.5,4474.0,4486.4
2026-08-12 15:15:00+00:00,4486.5,4487.9,4479.4,4481.2
2026-08-12 15:30:00+00:00,4481.1,4485.0,4476.2,4477.7
2026-08-12 15:45:00+00:00,4477.8,4481.7,4470.2,4480.4
2026-08-12 16:00:00+00:00,4480.2,4485.2,4476.4,4482.9
2026-08-12 16:15:00+00:00,4483.3,4486.2,4482.1,4483.0
2026-08-12 16:30:00+00:00,4483.1,4483.7,4469.2,4470.9
2026-08-12 16:45:00+00:00,4470.7,4471.2,4455.9,4461.7
2026-08-12 17:00:00+00:00,4461.7,4468.0,4460.1,4464.0
2026-08-12 17:15:00+00:00,4464.1,4470.0,4461.9,4466.7
2026-08-12 17:30:00+00:00,4466.8,4471.7,4461.5,4462.2
2026-08-12 17:45:00+00:00,4462.2,4465.8,4459.0,4459.6
2026-08-12 18:00:00+00:00,4459.3,4466.5,4456.0,4465.8
2026-08-12 18:15:00+00:00,4466.0,4471.4,4464.4,4468.4
2026-08-12 18:30:00+00:00,4468.4,4473.7,4467.9,4473.5
2026-08-12 18:45:00+00:00,4473.8,4478.1,4472.9,4473.2
2026-08-12 19:00:00+00:00,4473.2,4478.3,4473.0,4476.4
2026-08-12 19:15:00+00:00,4476.0,4477.9,4475.6,4476.6
2026-08-12 19:30:00+00:00,4476.5,4476.5,4471.2,4473.2
2026-08-12 19:45:00+00:00,4473.2,4473.9,4468.5,4473.9
2026-08-12 20:00:00+00:00,4473.7,4474.3,4469.0,4469.3
2026-08-12 20:15:00+00:00,4469.1,4470.1,4466.7,4467.8
2026-08-12 20:30:00+00:00,4467.9,4468.8,4466.8,4468.1
2026-08-12 20:45:00+00:00,4468.0,4469.1,4466.7,4469.0
2026-08-12 22:00:00+00:00,4468.8,4470.3,4460.9,4461.6
2026-08-12 22:15:00+00:00,4461.7,4461.9,4456.5,4457.5
2026-08-12 22:30:00+00:00,4457.5,4460.7,4456.9,4458.4
2026-08-12 22:45:00+00:00,4458.0,4461.2,4457.9,4459.9
2026-08-12 23:00:00+00:00,4460.1,4464.5,4459.9,4463.9
2026-08-12 23:15:00+00:00,4464.2,4468.4,4464.2,4466.8
2026-08-12 23:30:00+00:00,4467.4,4468.9,4465.7,4467.0
2026-08-12 23:45:00+00:00,4467.4,4473.2,4466.6,4473.1
2026-08-13 00:00:00+00:00,4473.2,4481.5,4471.9,4478.2
2026-08-13 00:15:00+00:00,4478.3,4496.6,4478.3,4487.4
2026-08-13 00:30:00+00:00,4487.6,4509.1,4483.3,4499.2
2026-08-13 00:45:00+00:00,4499.6,4499.6,4482.7,4486.9
2026-08-13 01:00:00+00:00,4486.7,4494.0,4481.4,4489.0
2026-08-13 01:15:00+00:00,4488.8,4494.1,4477.7,4478.0
2026-08-13 01:30:00+00:00,4477.7,4489.0,4476.3,4477.6
2026-08-13 01:45:00+00:00,4477.7,4478.0,4464.7,4467.0
2026-08-13 02:00:00+00:00,4466.8,4472.6,4463.8,4469.0
2026-08-13 02:15:00+00:00,4469.0,4471.0,4464.4,4464.7
2026-08-13 02:30:00+00:00,4464.3,4468.8,4457.0,4468.8
2026-08-13 02:45:00+00:00,4469.0,4469.3,4464.3,4465.7
2026-08-13 03:00:00+00:00,4465.8,4470.7,4462.6,4465.9
2026-08-13 03:15:00+00:00,4465.7,4468.7,4464.0,4467.8
2026-08-13 03:30:00+00:00,4467.5,4468.8,4464.0,4464.5
2026-08-13 03:45:00+00:00,4464.5,4466.3,4458.0,4458.3
2026-08-13 04:00:00+00:00,4458.7,4458.7,4449.4,4452.5
2026-08-13 04:15:00+00:00,4452.4,4457.2,4450.4,4456.2
2026-08-13 04:30:00+00:00,4456.2,4457.5,4453.0,4453.6
2026-08-13 04:45:00+00:00,4453.3,4456.3,4452.8,4455.5
2026-08-13 05:00:00+00:00,4455.2,4462.4,4450.7,4462.1
2026-08-13 05:15:00+00:00,4462.2,4465.2,4458.5,4464.4
2026-08-13 05:30:00+00:00,4464.4,4465.2,4443.8,4445.6
2026-08-13 05:45:00+00:00,4445.2,4447.1,4437.2,4440.4
2026-08-13 06:00:00+00:00,4440.3,4443.0,4432.5,4433.3
2026-08-13 06:15:00+00:00,4433.2,4436.1,4431.6,4432.7
2026-08-13 06:30:00+00:00,4433.1,4435.7,4425.6,4430.9
2026-08-13 06:45:00+00:00,4431.3,4438.4,4431.1,4437.7
2026-08-13 07:00:00+00:00,4437.8,4438.6,4431.5,4433.3
2026-08-13 07:15:00+00:00,4433.6,4434.1,4430.4,4433.1
2026-08-13 07:30:00+00:00,4432.8,4435.7,4428.8,4435.4
2026-08-13 07:45:00+00:00,4435.5,4435.6,4425.8,4426.4
2026-08-13 08:00:00+00:00,4426.4,4427.3,4420.3,4422.6
2026-08-13 08:15:00+00:00,4422.5,4430.0,4421.7,4429.2
2026-08-13 08:30:00+00:00,4429.0,4432.3,4428.1,4429.9
2026-08-13 08:45:00+00:00,4430.0,4435.7,4429.7,4432.4
2026-08-13 09:00:00+00:00,4432.3,4434.7,4428.6,4433.4
2026-08-13 09:15:00+00:00,4433.1,4438.9,4432.8,4436.4
2026-08-13 09:30:00+00:00,4436.5,4438.5,4435.1,4436.8
2026-08-13 09:45:00+00:00,4436.9,4441.9,4435.4,4441.8
2026-08-13 10:00:00+00:00,4441.9,4442.7,4438.8,4439.0
2026-08-13 10:15:00+00:00,4439.2,4445.2,4439.2,4444.6
2026-08-13 10:30:00+00:00,4444.8,4448.3,4442.3,4448.3
2026-08-13 10:45:00+00:00,4448.1,4451.5,4446.0,4449.9
2026-08-13 11:00:00+00:00,4449.6,4452.0,4446.1,4452.0
2026-08-13 11:15:00+00:00,4451.8,4454.2,4445.3,4445.4
2026-08-13 11:30:00+00:00,4445.7,4447.3,4440.6,4441.2
2026-08-13 11:45:00+00:00,4440.9,4444.8,4439.6,4444.4
2026-08-13 12:00:00+00:00,4444.5,4448.9,4442.5,4446.0
2026-08-13 12:15:00+00:00,4445.7,4450.4,4441.0,4447.8
2026-08-13 12:30:00+00:00,4447.4,4460.0,4437.1,4448.6
2026-08-13 12:45:00+00:00,4448.8,4458.9,4448.2,4458.9
2026-08-13 13:00:00+00:00,4458.5,4459.0,4447.8,4450.4
2026-08-13 13:15:00+00:00,4450.5,4452.0,4440.6,4441.7
2026-08-13 13:30:00+00:00,4441.7,4446.4,4431.5,4435.9
2026-08-13 13:45:00+00:00,4435.8,4439.5,4427.1,4429.1
2026-08-13 14:00:00+00:00,4429.3,4435.9,4424.0,4428.0
2026-08-13 14:15:00+00:00,4428.2,4435.7,4425.0,4425.3
2026-08-13 14:30:00+00:00,4425.0,4439.2,4408.8,4438.1
2026-08-13 14:45:00+00:00,4438.6,4444.7,4438.3,4440.9
2026-08-13 15:00:00+00:00,4441.2,4443.1,4425.2,4426.2
2026-08-13 15:15:00+00:00,4426.1,4430.6,4419.9,4421.8
2026-08-13 15:30:00+00:00,4421.9,4428.4,4413.6,4425.1
2026-08-13 15:45:00+00:00,4425.5,4427.8,4420.3,4422.4
2026-08-13 16:00:00+00:00,4422.3,4424.7,4411.1,4412.5
2026-08-13 16:15:00+00:00,4412.5,4419.5,4407.5,4419.4
2026-08-13 16:30:00+00:00,4419.2,4424.0,4419.0,4422.6
2026-08-13 16:45:00+00:00,4422.6,4425.6,4421.0,4424.2
2026-08-13 17:00:00+00:00,4424.3,4430.6,4422.4,4428.4
2026-08-13 17:15:00+00:00,4428.8,4429.2,4419.1,4420.0
2026-08-13 17:30:00+00:00,4420.2,4421.3,4412.2,4413.6
2026-08-13 17:45:00+00:00,4413.9,4416.5,4412.0,4412.4
2026-08-13 18:00:00+00:00,4412.6,4419.4,4412.4,4418.7
2026-08-13 18:15:00+00:00,4419.0,4420.5,4411.6,4414.3
2026-08-13 18:30:00+00:00,4414.3,4417.3,4413.3,4414.7
2026-08-13 18:45:00+00:00,4414.8,4415.1,4411.4,4413.6
2026-08-13 19:00:00+00:00,4414.0,4415.5,4402.6,4403.4
2026-08-13 19:15:00+00:00,4403.1,4408.2,4400.0,4407.9
2026-08-13 19:30:00+00:00,4407.7,4410.9,4406.0,4407.7
2026-08-13 19:45:00+00:00,4407.6,4407.6,4403.9,4406.2
2026-08-13 20:00:00+00:00,4406.2,4406.7,4402.9,4406.3
2026-08-13 20:15:00+00:00,4406.5,4408.4,4405.5,4407.6
2026-08-13 20:30:00+00:00,4407.6,4408.0,4404.2,4405.6
2026-08-13 20:45:00+00:00,4405.5,4407.7,4404.7,4407.1
2026-08-13 22:00:00+00:00,4408.2,4412.6,4406.6,4409.8
2026-08-13 22:15:00+00:00,4409.9,4413.3,4408.5,4412.7
2026-08-13 22:30:00+00:00,4412.4,4418.4,4411.0,4416.0
2026-08-13 22:45:00+00:00,4415.9,4417.0,4409.2,4410.3
2026-08-13 23:00:00+00:00,4411.5,4416.2,4405.1,4416.2
2026-08-13 23:15:00+00:00,4416.3,4418.2,4412.1,4418.2
2026-08-13 23:30:00+00:00,4418.4,4418.8,4413.9,4415.8
2026-08-13 23:45:00+00:00,4416.0,4419.4,4411.6,4411.8
2026-08-14 00:00:00+00:00,4411.6,4417.4,4406.0,4407.5
2026-08-14 00:15:00+00:00,4407.6,4407.8,4395.1,4395.8
2026-08-14 00:30:00+00:00,4395.5,4402.6,4390.6,4395.4
2026-08-14 00:45:00+00:00,4396.0,4398.8,4385.1,4396.4
2026-08-14 01:00:00+00:00,4396.2,4397.1,4378.0,4380.3
2026-08-14 01:15:00+00:00,4380.4,4381.9,4370.9,4375.6
2026-08-14 01:30:00+00:00,4375.3,4377.5,4368.6,4375.4
2026-08-14 01:45:00+00:00,4375.6,4379.4,4367.5,4373.7
2026-08-14 02:00:00+00:00,4373.7,4378.0,4365.5,4366.9
2026-08-14 02:15:00+00:00,4367.5,4373.3,4367.5,4367.6
2026-08-14 02:30:00+00:00,4367.4,4378.0,4366.9,4376.3
2026-08-14 02:45:00+00:00,4376.5,4377.4,4367.7,4370.7
2026-08-14 03:00:00+00:00,4370.7,4378.7,4368.9,4375.3
2026-08-14 03:15:00+00:00,4375.4,4381.2,4375.0,4380.8
2026-08-14 03:30:00+00:00,4380.9,4383.8,4379.9,4381.3
2026-08-14 03:45:00+00:00,4381.4,4382.3,4379.0,4379.6
2026-08-14 04:00:00+00:00,4379.2,4382.7,4378.3,4381.7
2026-08-14 04:15:00+00:00,4381.2,4384.6,4380.2,4380.2
2026-08-14 04:30:00+00:00,4380.7,4381.2,4378.4,4380.4
2026-08-14 04:45:00+00:00,4380.1,4382.0,4378.3,4382.0
2026-08-14 05:00:00+00:00,4382.2,4382.2,4374.3,4374.8
2026-08-14 05:15:00+00:00,4374.9,4375.1,4371.9,4373.3
2026-08-14 05:30:00+00:00,4372.9,4379.8,4365.6,4372.7
2026-08-14 05:45:00+00:00,4372.5,4389.5,4372.5,4389.5
2026-08-14 06:00:00+00:00,4389.6,4392.6,4385.5,4388.3
2026-08-14 06:15:00+00:00,4388.2,4389.1,4384.2,4385.3
2026-08-14 06:30:00+00:00,4385.1,4388.8,4383.6,4388.6
2026-08-14 06:45:00+00:00,4389.0,4392.2,4388.4,4391.6
2026-08-14 07:00:00+00:00,4391.4,4393.3,4387.0,4387.1
2026-08-14 07:15:00+00:00,4387.1,4392.4,4385.7,4387.8
2026-08-14 07:30:00+00:00,4388.0,4396.3,4387.3,4396.0
2026-08-14 07:45:00+00:00,4396.3,4401.6,4395.5,4399.8
2026-08-14 08:00:00+00:00,4399.8,4404.5,4398.1,4403.9
2026-08-14 08:15:00+00:00,4404.0,4405.3,4399.4,4401.8
2026-08-14 08:30:00+00:00,4401.8,4405.4,4399.5,4399.8
2026-08-14 08:45:00+00:00,4399.8,4405.7,4398.8,4404.7
2026-08-14 09:00:00+00:00,4404.5,4406.9,4402.0,4406.7
2026-08-14 09:15:00+00:00,4406.8,4410.0,4404.4,4407.4
2026-08-14 09:30:00+00:00,4407.7,4410.8,4406.1,4409.9
2026-08-14 09:45:00+00:00,4410.0,4413.8,4408.7,4413.6
2026-08-14 10:00:00+00:00,4413.6,4415.1,4410.0,4410.6
2026-08-14 10:15:00+00:00,4410.6,4411.4,4406.0,4407.3
2026-08-14 10:30:00+00:00,4407.5,4408.0,4404.5,4408.0
2026-08-14 10:45:00+00:00,4407.9,4409.7,4403.7,4405.5
2026-08-14 11:00:00+00:00,4405.5,4408.0,4404.7,4406.9
2026-08-14 11:15:00+00:00,4407.1,4413.4,4407.1,4413.1
2026-08-14 11:30:00+00:00,4413.1,4420.0,4412.8,4418.7
2026-08-14 11:45:00+00:00,4418.9,4426.0,4417.2,4425.8
2026-08-14 12:00:00+00:00,4425.5,4433.2,4421.8,4428.0
2026-08-14 12:15:00+00:00,4428.2,4437.5,4425.8,4436.5
2026-08-14 12:30:00+00:00,4436.9,4444.0,4429.1,4429.5
2026-08-14 12:45:00+00:00,4430.0,4434.9,4427.8,4430.9
2026-08-14 13:00:00+00:00,4430.7,4438.3,4427.3,4432.4
2026-08-14 13:15:00+00:00,4432.4,4443.9,4432.3,4441.4
2026-08-14 13:30:00+00:00,4441.7,4454.6,4440.8,4450.8
2026-08-14 13:45:00+00:00,4451.4,4452.3,4439.8,4442.0
2026-08-14 14:00:00+00:00,4441.6,4450.5,4441.2,4447.8
2026-08-14 14:15:00+00:00,4448.0,4452.2,4442.5,4447.9
2026-08-14 14:30:00+00:00,4448.3,4448.7,4438.8,4441.6
2026-08-14 14:45:00+00:00,4441.5,4441.6,4436.2,4438.6
2026-08-14 15:00:00+00:00,4438.7,4451.7,4438.3,4449.9
2026-08-14 15:15:00+00:00,4450.0,4451.6,4436.4,4442.2
2026-08-14 15:30:00+00:00,4442.4,4447.5,4441.1,4446.7
2026-08-14 15:45:00+00:00,4447.0,4452.3,4446.9,4449.0
2026-08-14 16:00:00+00:00,4449.0,4454.3,4446.0,4446.8
2026-08-14 16:15:00+00:00,4446.9,4450.2,4443.9,4444.5
2026-08-14 16:30:00+00:00,4444.7,4446.3,4437.2,4442.8
2026-08-14 16:45:00+00:00,4443.0,4444.6,4442.0,4442.7
2026-08-14 17:00:00+00:00,4443.0,4443.4,4437.4,4439.4
2026-08-14 17:15:00+00:00,4439.5,4442.0,4436.6,4436.9
2026-08-14 17:30:00+00:00,4436.7,4440.4,4434.1,4435.0
2026-08-14 17:45:00+00:00,4434.8,4436.3,4433.6,4435.5
2026-08-14 18:00:00+00:00,4435.9,4438.8,4433.6,4434.2
2026-08-14 18:15:00+00:00,4434.6,4437.5,4434.0,4436.4
2026-08-14 18:30:00+00:00,4436.2,4439.6,4433.2,4433.2
2026-08-14 18:45:00+00:00,4433.5,4433.9,4427.5,4430.3
2026-08-14 19:00:00+00:00,4430.3,4433.6,4428.6,4432.4
2026-08-14 19:15:00+00:00,4432.2,4434.3,4430.4,4433.5
2026-08-14 19:30:00+00:00,4433.5,4434.4,4431.4,4431.7
2026-08-14 19:45:00+00:00,4431.7,4435.6,4428.8,4431.5
2026-08-14 20:00:00+00:00,4431.4,4431.5,4426.9,4428.3
2026-08-14 20:15:00+00:00,4428.3,4430.2,4427.8,4430.0
2026-08-14 20:30:00+00:00,4429.9,4432.4,4428.9,4430.9
2026-08-14 20:45:00+00:00,4430.9,4432.1,4430.4,4432.1
2026-08-14 21:00:00+00:00,4432.0,4437.3,4432.0,4437.3
2026-08-16 22:00:00+00:00,4433.7,4436.0,4431.3,4432.6
2026-08-16 22:15:00+00:00,4432.6,4433.0,4429.3,4430.6
2026-08-16 22:30:00+00:00,4430.8,4434.7,4430.8,4433.4
2026-08-16 22:45:00+00:00,4433.8,4442.5,4433.6,4441.6
2026-08-16 23:00:00+00:00,4441.8,4441.9,4435.4,4435.4
2026-08-16 23:15:00+00:00,4435.5,4436.7,4428.1,4430.1
2026-08-16 23:30:00+00:00,4430.2,4431.0,4422.3,4424.0
2026-08-16 23:45:00+00:00,4424.1,4429.2,4424.1,4425.5
2026-08-17 00:00:00+00:00,4426.0,4435.2,4423.5,4434.4
2026-08-17 00:15:00+00:00,4434.5,4446.9,4434.0,4445.7
2026-08-17 00:30:00+00:00,4445.8,4453.6,4443.5,4451.6
2026-08-17 00:45:00+00:00,4451.3,4459.4,4450.0,4457.3
2026-08-17 01:00:00+00:00,4457.1,4468.1,4456.1,4465.8
2026-08-17 01:15:00+00:00,4465.6,4473.2,4462.7,4463.8
2026-08-17 01:30:00+00:00,4463.8,4464.8,4454.1,4459.9
2026-08-17 01:45:00+00:00,4460.2,4460.6,4448.6,4452.0
2026-08-17 02:00:00+00:00,4451.9,4454.5,4449.2,4451.0
2026-08-17 02:15:00+00:00,4450.8,4454.1,4446.5,4451.4
2026-08-17 02:30:00+00:00,4452.3,4454.7,4446.4,4449.4
2026-08-17 02:45:00+00:00,4449.4,4450.1,4444.9,4449.8
2026-08-17 03:00:00+00:00,4450.2,4451.8,4445.4,4446.5
2026-08-17 03:15:00+00:00,4446.2,4449.9,4444.5,4449.3
2026-08-17 03:30:00+00:00,4449.4,4453.8,4447.2,4451.8
2026-08-17 03:45:00+00:00,4451.7,4453.8,4449.3,4453.7
2026-08-17 04:00:00+00:00,4453.5,4456.3,4452.9,4455.1
2026-08-17 04:15:00+00:00,4455.1,4455.4,4446.6,4447.9
2026-08-17 04:30:00+00:00,4447.5,4453.3,4445.5,4452.1
2026-08-17 04:45:00+00:00,4453.0,4454.6,4446.3,4447.1
2026-08-17 05:00:00+00:00,4447.3,4449.8,4443.4,4444.4
2026-08-17 05:15:00+00:00,4444.3,4456.0,4443.6,4456.0
2026-08-17 05:30:00+00:00,4456.3,4457.7,4449.0,4452.3
2026-08-17 05:45:00+00:00,4452.2,4454.0,4449.2,4451.3
2026-08-17 06:00:00+00:00,4451.6,4454.9,4449.3,4453.5
2026-08-17 06:15:00+00:00,4453.0,4456.3,4449.1,4455.0
2026-08-17 06:30:00+00:00,4454.5,4454.9,4449.7,4452.3
2026-08-17 06:45:00+00:00,4452.5,4460.7,4452.5,4459.3
2026-08-17 07:00:00+00:00,4459.0,4460.2,4452.2,4452.7
2026-08-17 07:15:00+00:00,4452.7,4461.6,4452.4,4461.2
2026-08-17 07:30:00+00:00,4461.3,4467.9,4460.9,4465.5
2026-08-17 07:45:00+00:00,4465.9,4466.3,4460.0,4461.5
2026-08-17 08:00:00+00:00,4461.8,4461.8,4454.1,4459.3
2026-08-17 08:15:00+00:00,4459.3,4460.2,4456.8,4458.0
2026-08-17 08:30:00+00:00,4458.0,4458.4,4452.0,4452.5
2026-08-17 08:45:00+00:00,4452.4,4453.0,4448.8,4451.1
2026-08-17 09:00:00+00:00,4451.3,4457.0,4449.5,4455.3
2026-08-17 09:15:00+00:00,4455.4,4456.4,4451.6,4453.1
2026-08-17 09:30:00+00:00,4453.2,4453.7,4450.0,4451.0
2026-08-17 09:45:00+00:00,4450.8,4452.8,4449.2,4452.4
2026-08-17 10:00:00+00:00,4452.4,4453.2,4450.0,4452.7
2026-08-17 10:15:00+00:00,4452.5,4462.3,4445.7,4461.6
2026-08-17 10:30:00+00:00,4461.6,4462.6,4452.1,4455.0
2026-08-17 10:45:00+00:00,4455.1,4456.4,4452.9,4455.8
2026-08-17 11:00:00+00:00,4455.9,4460.4,4454.9,4456.5
2026-08-17 11:15:00+00:00,4456.4,4461.5,4453.7,4460.3
2026-08-17 11:30:00+00:00,4460.4,4461.8,4455.9,4456.4
2026-08-17 11:45:00+00:00,4456.6,4457.6,4451.8,4453.4
2026-08-17 12:00:00+00:00,4453.1,4454.0,4447.8,4450.6
2026-08-17 12:15:00+00:00,4450.4,4455.4,4437.5,4441.7
2026-08-17 12:30:00+00:00,4442.3,4446.8,4434.7,4434.7
2026-08-17 12:45:00+00:00,4434.5,4443.1,4433.4,4441.4
2026-08-17 13:00:00+00:00,4441.7,4446.2,4438.1,4442.6
2026-08-17 13:15:00+00:00,4443.0,4445.1,4438.6,4442.6
2026-08-17 13:30:00+00:00,4442.8,4448.3,4441.0,4441.9
2026-08-17 13:45:00+00:00,4442.1,4473.0,4440.9,4465.3
2026-08-17 14:00:00+00:00,4465.3,4469.5,4460.4,4469.2
2026-08-17 14:15:00+00:00,4469.2,4484.9,4468.4,4475.4
2026-08-17 14:30:00+00:00,4475.6,4481.8,4473.8,4474.8
2026-08-17 14:45:00+00:00,4475.0,4478.4,4471.4,4474.5
2026-08-17 15:00:00+00:00,4474.6,4479.8,4471.8,4478.5
2026-08-17 15:15:00+00:00,4478.5,4483.4,4476.7,4482.7
2026-08-17 15:30:00+00:00,4482.8,4483.7,4475.8,4476.1
2026-08-17 15:45:00+00:00,4476.3,4485.3,4474.8,4484.8
2026-08-17 16:00:00+00:00,4485.0,4486.5,4481.4,4483.4
2026-08-17 16:15:00+00:00,4483.7,4484.9,4480.3,4482.3
2026-08-17 16:30:00+00:00,4482.4,4484.5,4479.7,4482.0
2026-08-17 16:45:00+00:00,4482.1,4483.0,4480.0,4481.5
2026-08-17 17:00:00+00:00,4481.7,4483.7,4478.3,4480.3
2026-08-17 17:15:00+00:00,4480.3,4480.5,4470.8,4474.0
2026-08-17 17:30:00+00:00,4474.0,4476.3,4468.2,4474.7
2026-08-17 17:45:00+00:00,4474.7,4478.2,4470.8,4471.0
2026-08-17 18:00:00+00:00,4471.3,4471.9,4467.4,4471.2
2026-08-17 18:15:00+00:00,4471.3,4474.0,4461.5,4463.2
2026-08-17 18:30:00+00:00,4463.3,4463.7,4454.5,4458.0
2026-08-17 18:45:00+00:00,4458.0,4463.8,4456.8,4463.1
2026-08-17 19:00:00+00:00,4462.9,4464.8,4456.6,4464.5
2026-08-17 19:15:00+00:00,4464.8,4473.6,4464.8,4470.6
2026-08-17 19:30:00+00:00,4470.9,4476.8,4470.4,4475.5
2026-08-17 19:45:00+00:00,4475.5,4477.0,4472.1,4475.7
2026-08-17 20:00:00+00:00,4475.9,4477.5,4472.5,4474.1
2026-08-17 20:15:00+00:00,4474.1,4474.5,4471.4,4471.4
2026-08-17 20:30:00+00:00,4471.6,4472.5,4471.1,4472.2
2026-08-17 20:45:00+00:00,4471.7,4474.0,4471.5,4473.1
2026-08-17 22:00:00+00:00,4473.4,4475.9,4471.5,4472.9
2026-08-17 22:15:00+00:00,4472.9,4473.5,4468.3,4468.9
2026-08-17 22:30:00+00:00,4468.4,4471.9,4467.6,4470.9
2026-08-17 22:45:00+00:00,4470.7,4472.4,4466.5,4467.9
2026-08-17 23:00:00+00:00,4468.0,4471.0,4466.0,4470.7
2026-08-17 23:15:00+00:00,4471.1,4478.1,4471.0,4476.6
2026-08-17 23:30:00+00:00,4476.3,4479.2,4476.3,4479.1
2026-08-17 23:45:00+00:00,4478.9,4482.1,4477.9,4482.0
2026-08-18 00:00:00+00:00,4482.3,4486.5,4475.0,4478.4
2026-08-18 00:15:00+00:00,4477.7,4488.2,4477.2,4487.7
2026-08-18 00:30:00+00:00,4487.8,4490.3,4484.5,4486.1
2026-08-18 00:45:00+00:00,4486.2,4491.7,4484.9,4491.2
2026-08-18 01:00:00+00:00,4491.6,4493.1,4485.0,4485.5
2026-08-18 01:15:00+00:00,4485.9,4487.4,4476.6,4481.5
2026-08-18 01:30:00+00:00,4481.5,4482.6,4468.3,4468.4
2026-08-18 01:45:00+00:00,4468.4,4468.9,4460.9,4464.6
2026-08-18 02:00:00+00:00,4464.6,4464.9,4454.8,4457.4
2026-08-18 02:15:00+00:00,4457.3,4461.9,4456.8,4458.7
2026-08-18 02:30:00+00:00,4458.8,4458.9,4450.3,4451.4
2026-08-18 02:45:00+00:00,4451.2,4456.9,4450.0,4456.1
2026-08-18 03:00:00+00:00,4456.1,4460.5,4455.4,4457.9
2026-08-18 03:15:00+00:00,4458.1,4458.7,4450.0,4453.3
2026-08-18 03:30:00+00:00,4452.8,4453.3,4450.4,4450.6
2026-08-18 03:45:00+00:00,4451.1,4451.1,4446.3,4448.1
2026-08-18 04:00:00+00:00,4447.4,4448.6,4445.4,4447.9
2026-08-18 04:15:00+00:00,4447.9,4449.2,4446.4,4448.1
2026-08-18 04:30:00+00:00,4448.2,4450.3,4444.0,4448.7
2026-08-18 04:45:00+00:00,4448.8,4450.9,4447.7,4448.9
2026-08-18 05:00:00+00:00,4448.7,4449.8,4446.4,4446.6
2026-08-18 05:15:00+00:00,4446.8,4451.6,4446.5,4446.6
2026-08-18 05:30:00+00:00,4446.4,4450.2,4441.4,4449.3
2026-08-18 05:45:00+00:00,4449.5,4453.2,4448.8,4450.2
2026-08-18 06:00:00+00:00,4449.4,4451.1,4443.2,4450.9
2026-08-18 06:15:00+00:00,4450.8,4455.1,4449.4,4454.9
2026-08-18 06:30:00+00:00,4454.7,4455.6,4450.5,4452.5
2026-08-18 06:45:00+00:00,4452.6,4454.7,4452.6,4454.1
2026-08-18 07:00:00+00:00,4454.3,4456.4,4452.4,4453.2
2026-08-18 07:15:00+00:00,4453.2,4459.4,4453.2,4459.0
2026-08-18 07:30:00+00:00,4459.1,4459.5,4452.3,4457.4
2026-08-18 07:45:00+00:00,4457.6,4458.5,4451.2,4451.2
2026-08-18 08:00:00+00:00,4451.6,4451.9,4443.5,4448.2
2026-08-18 08:15:00+00:00,4448.4,4449.2,4442.4,4444.9
2026-08-18 08:30:00+00:00,4444.9,4454.2,4444.9,4452.5
2026-08-18 08:45:00+00:00,4452.2,4452.3,4447.1,4448.9
2026-08-18 09:00:00+00:00,4448.8,4449.4,4446.6,4448.4
2026-08-18 09:15:00+00:00,4448.1,4448.1,4444.2,4444.9
2026-08-18 09:30:00+00:00,4444.8,4451.1,4443.2,4444.5
2026-08-18 09:45:00+00:00,4444.5,4451.3,4443.0,4449.7
2026-08-18 10:00:00+00:00,4449.7,4452.0,4448.6,4450.7
2026-08-18 10:15:00+00:00,4450.9,4452.5,4446.1,4448.3
2026-08-18 10:30:00+00:00,4448.7,4455.2,4448.1,4455.0
2026-08-18 10:45:00+00:00,4455.3,4456.2,4452.9,4454.4
2026-08-18 11:00:00+00:00,4454.2,4455.8,4448.3,4450.2
2026-08-18 11:15:00+00:00,4449.7,4451.1,4445.8,4446.3
2026-08-18 11:30:00+00:00,4446.3,4448.8,4444.8,4447.2
2026-08-18 11:45:00+00:00,4447.0,4453.3,4446.4,4452.3
2026-08-18 12:00:00+00:00,4452.6,4453.4,4445.8,4449.7
2026-08-18 12:15:00+00:00,4449.2,4457.3,4447.8,4451.9
2026-08-18 12:30:00+00:00,4452.0,4454.8,4447.4,4448.8
2026-08-18 12:45:00+00:00,4448.7,4453.6,4447.1,4450.7
2026-08-18 13:00:00+00:00,4450.5,4453.7,4444.4,4452.0
2026-08-18 13:15:00+00:00,4451.8,4452.4,4444.2,4445.4
2026-08-18 13:30:00+00:00,4445.5,4463.0,4430.9,4457.0
2026-08-18 13:45:00+00:00,4457.2,4458.3,4445.5,4451.0
2026-08-18 14:00:00+00:00,4450.5,4462.8,4447.4,4449.6
2026-08-18 14:15:00+00:00,4449.5,4461.4,4448.7,4450.6
2026-08-18 14:30:00+00:00,4450.7,4452.5,4434.0,4436.0
2026-08-18 14:45:00+00:00,4435.7,4445.4,4419.1,4422.3
2026-08-18 15:00:00+00:00,4422.6,4434.1,4412.0,4415.6
2026-08-18 15:15:00+00:00,4415.4,4420.7,4406.8,4410.6
2026-08-18 15:30:00+00:00,4410.2,4418.0,4409.8,4414.5
2026-08-18 15:45:00+00:00,4413.8,4421.9,4413.8,4420.2
2026-08-18 16:00:00+00:00,4420.3,4427.0,4420.3,4423.1
2026-08-18 16:15:00+00:00,4423.2,4425.1,4418.7,4419.4
2026-08-18 16:30:00+00:00,4419.7,4423.8,4418.3,4422.7
2026-08-18 16:45:00+00:00,4422.7,4424.1,4417.8,4419.0
2026-08-18 17:00:00+00:00,4419.1,4422.6,4418.4,4422.4
2026-08-18 17:15:00+00:00,4422.6,4423.8,4418.7,4420.8
2026-08-18 17:30:00+00:00,4421.0,4421.8,4414.4,4414.4
2026-08-18 17:45:00+00:00,4414.3,4416.1,4412.4,4413.2
2026-08-18 18:00:00+00:00,4413.6,4413.6,4408.0,4412.9
2026-08-18 18:15:00+00:00,4413.3,4416.5,4410.8,4415.4
2026-08-18 18:30:00+00:00,4415.6,4415.8,4408.8,4409.4
2026-08-18 18:45:00+00:00,4409.5,4411.2,4407.9,4409.4
2026-08-18 19:00:00+00:00,4409.5,4413.5,4409.2,4412.4
2026-08-18 19:15:00+00:00,4412.3,4413.7,4407.5,4409.5
2026-08-18 19:30:00+00:00,4409.8,4412.4,4404.2,4404.4
2026-08-18 19:45:00+00:00,4404.3,4408.2,4392.3,4400.0
2026-08-18 20:00:00+00:00,4400.1,4401.2,4395.4,4396.5
2026-08-18 20:15:00+00:00,4397.1,4397.1,4388.0,4392.8
2026-08-18 20:30:00+00:00,4392.8,4394.6,4386.6,4387.6
2026-08-18 20:45:00+00:00,4387.0,4390.3,4383.3,4389.5
2026-08-18 22:00:00+00:00,4391.4,4395.3,4390.4,4393.8
2026-08-18 22:15:00+00:00,4393.2,4394.3,4386.5,4389.4
2026-08-18 22:30:00+00:00,4389.3,4389.8,4385.8,4386.6
2026-08-18 22:45:00+00:00,4386.6,4388.7,4386.2,4386.8
2026-08-18 23:00:00+00:00,4387.2,4391.5,4385.4,4387.1
2026-08-18 23:15:00+00:00,4386.8,4390.3,4382.5,4383.1
2026-08-18 23:30:00+00:00,4382.9,4385.4,4379.6,4382.5
2026-08-18 23:45:00+00:00,4383.0,4387.0,4382.3,4386.0
2026-08-19 00:00:00+00:00,4386.1,4397.7,4384.6,4395.8
2026-08-19 00:15:00+00:00,4395.9,4399.4,4392.5,4396.3
2026-08-19 00:30:00+00:00,4396.4,4401.0,4392.9,4397.4
2026-08-19 00:45:00+00:00,4397.6,4398.6,4390.7,4391.8
2026-08-19 01:00:00+00:00,4391.5,4397.6,4378.0,4397.4
2026-08-19 01:15:00+00:00,4397.6,4400.0,4386.4,4396.1
2026-08-19 01:30:00+00:00,4396.3,4411.1,4396.2,4409.4
2026-08-19 01:45:00+00:00,4409.0,4410.2,4404.1,4410.2
2026-08-19 02:00:00+00:00,4410.0,4410.9,4405.0,4407.0
2026-08-19 02:15:00+00:00,4407.2,4415.8,4406.0,4413.4
2026-08-19 02:30:00+00:00,4413.4,4413.9,4407.7,4408.6
2026-08-19 02:45:00+00:00,4408.8,4410.4,4405.0,4408.5
2026-08-19 03:00:00+00:00,4408.4,4409.9,4405.4,4407.7
2026-08-19 03:15:00+00:00,4408.1,4411.8,4405.3,4410.8
2026-08-19 03:30:00+00:00,4411.1,4414.1,4409.8,4412.6
2026-08-19 03:45:00+00:00,4412.6,4413.0,4409.0,4409.0
2026-08-19 04:00:00+00:00,4408.9,4409.6,4406.9,4407.9
2026-08-19 04:15:00+00:00,4407.9,4408.0,4403.2,4404.2
2026-08-19 04:30:00+00:00,4404.8,4405.3,4398.2,4399.8
2026-08-19 04:45:00+00:00,4399.4,4401.8,4396.5,4401.8
2026-08-19 05:00:00+00:00,4401.7,4404.2,4391.9,4392.2
2026-08-19 05:15:00+00:00,4392.4,4399.1,4390.1,4398.9
2026-08-19 05:30:00+00:00,4399.1,4399.3,4390.3,4395.8
2026-08-19 05:45:00+00:00,4395.3,4395.4,4388.2,4389.0
2026-08-19 06:00:00+00:00,4389.0,4395.3,4388.7,4390.8
2026-08-19 06:15:00+00:00,4390.6,4401.9,4390.2,4396.3
2026-08-19 06:30:00+00:00,4396.6,4399.3,4390.8,4395.4
2026-08-19 06:45:00+00:00,4395.3,4403.1,4394.3,4402.8
2026-08-19 07:00:00+00:00,4402.8,4407.6,4401.1,4404.3
2026-08-19 07:15:00+00:00,4403.8,4410.8,4401.1,4410.5
2026-08-19 07:30:00+00:00,4410.4,4417.2,4406.5,4408.2
2026-08-19 07:45:00+00:00,4408.1,4411.4,4408.1,4408.3
2026-08-19 08:00:00+00:00,4408.4,4416.4,4404.8,4415.2
2026-08-19 08:15:00+00:00,4415.3,4416.1,4411.1,4414.6
2026-08-19 08:30:00+00:00,4414.3,4417.2,4410.3,4416.4
2026-08-19 08:45:00+00:00,4416.4,4417.2,4408.7,4409.7
2026-08-19 09:00:00+00:00,4409.7,4413.9,4409.0,4410.3
2026-08-19 09:15:00+00:00,4410.2,4411.6,4407.4,4410.6
2026-08-19 09:30:00+00:00,4410.7,4415.4,4409.5,4413.3
2026-08-19 09:45:00+00:00,4413.3,4416.4,4412.5,4416.4
2026-08-19 10:00:00+00:00,4416.5,4418.8,4413.8,4418.4
2026-08-19 10:15:00+00:00,4418.4,4423.8,4418.1,4423.2
2026-08-19 10:30:00+00:00,4423.4,4424.1,4420.4,4422.5
2026-08-19 10:45:00+00:00,4422.8,4424.1,4421.0,4422.2
2026-08-19 11:00:00+00:00,4422.4,4428.9,4422.2,4428.1
2026-08-19 11:15:00+00:00,4428.4,4429.1,4423.6,4425.8
2026-08-19 11:30:00+00:00,4425.9,4426.5,4417.7,4418.4
2026-08-19 11:45:00+00:00,4418.0,4422.3,4418.0,4419.1
2026-08-19 12:00:00+00:00,4419.7,4425.5,4417.0,4423.1
2026-08-19 12:15:00+00:00,4423.2,4428.4,4420.7,4424.1
2026-08-19 12:30:00+00:00,4424.3,4476.9,4423.4,4474.8
2026-08-19 12:45:00+00:00,4475.1,4499.8,4468.0,4496.3
2026-08-19 13:00:00+00:00,4496.3,4518.8,4480.8,4513.4
2026-08-19 13:15:00+00:00,4513.6,4521.8,4512.4,4516.0
2026-08-19 13:30:00+00:00,4516.2,4524.0,4500.8,4519.1
2026-08-19 13:45:00+00:00,4518.8,4521.6,4502.4,4517.8
2026-08-19 14:00:00+00:00,4518.0,4533.8,4513.5,4532.0
2026-08-19 14:15:00+00:00,4532.2,4546.3,4528.4,4544.3
2026-08-19 14:30:00+00:00,4544.4,4557.6,4542.3,4548.5
2026-08-19 14:45:00+00:00,4548.6,4548.6,4536.9,4546.8
2026-08-19 15:00:00+00:00,4547.0,4547.0,4538.4,4544.1
2026-08-19 15:15:00+00:00,4544.1,4546.2,4536.5,4542.0
2026-08-19 15:30:00+00:00,4541.9,4551.5,4538.5,4548.7
2026-08-19 15:45:00+00:00,4548.4,4552.8,4546.9,4552.2
2026-08-19 16:00:00+00:00,4552.2,4557.2,4549.5,4555.9
2026-08-19 16:15:00+00:00,4556.0,4557.5,4548.5,4548.7
2026-08-19 16:30:00+00:00,4549.1,4554.3,4548.4,4553.3
2026-08-19 16:45:00+00:00,4552.7,4555.7,4550.9,4551.0
2026-08-19 17:00:00+00:00,4551.0,4557.0,4546.4,4550.1
2026-08-19 17:15:00+00:00,4550.3,4550.3,4544.0,4545.8
2026-08-19 17:30:00+00:00,4545.9,4549.2,4541.9,4546.6
2026-08-19 17:45:00+00:00,4546.2,4547.4,4542.0,4545.0
2026-08-19 18:00:00+00:00,4544.9,4554.6,4543.4,4546.3
2026-08-19 18:15:00+00:00,4546.1,4546.2,4531.1,4533.8
2026-08-19 18:30:00+00:00,4533.9,4550.0,4530.4,4548.6
2026-08-19 18:45:00+00:00,4548.6,4556.0,4547.5,4553.3
2026-08-19 19:00:00+00:00,4553.3,4564.1,4552.3,4561.6
2026-08-19 19:15:00+00:00,4561.5,4566.0,4560.8,4565.1
2026-08-19 19:30:00+00:00,4565.2,4568.9,4559.1,4564.5
2026-08-19 19:45:00+00:00,4564.5,4569.6,4562.6,4568.0
2026-08-19 20:00:00+00:00,4568.4,4569.5,4562.8,4564.5
2026-08-19 20:15:00+00:00,4564.7,4580.3,4564.2,4576.7
2026-08-19 20:30:00+00:00,4576.7,4582.2,4576.2,4577.3
2026-08-19 20:45:00+00:00,4578.3,4582.8,4577.9,4580.7
2026-08-19 22:00:00+00:00,4580.0,4583.8,4576.4,4577.6
2026-08-19 22:15:00+00:00,4577.5,4578.7,4576.2,4578.0
2026-08-19 22:30:00+00:00,4577.7,4579.0,4574.8,4575.7
2026-08-19 22:45:00+00:00,4575.9,4579.2,4573.5,4575.9
2026-08-19 23:00:00+00:00,4576.4,4581.2,4574.8,4577.0
2026-08-19 23:15:00+00:00,4576.6,4577.6,4572.3,4574.8
2026-08-19 23:30:00+00:00,4575.1,4575.5,4570.7,4571.6
2026-08-19 23:45:00+00:00,4571.7,4574.9,4568.4,4569.2
2026-08-20 00:00:00+00:00,4568.7,4576.3,4567.7,4573.8
2026-08-20 00:15:00+00:00,4574.0,4578.6,4565.8,4567.8
2026-08-20 00:30:00+00:00,4566.8,4570.4,4560.2,4563.6
2026-08-20 00:45:00+00:00,4563.4,4567.9,4561.4,4562.0
2026-08-20 01:00:00+00:00,4562.3,4567.9,4549.4,4550.8
2026-08-20 01:15:00+00:00,4551.3,4561.1,4550.9,4558.3
2026-08-20 01:30:00+00:00,4558.0,4559.0,4551.0,4551.3
2026-08-20 01:45:00+00:00,4551.5,4553.0,4542.1,4547.4
2026-08-20 02:00:00+00:00,4547.3,4557.6,4546.1,4555.5
2026-08-20 02:15:00+00:00,4555.3,4555.6,4547.1,4550.6
2026-08-20 02:30:00+00:00,4550.1,4552.1,4547.6,4548.2
2026-08-20 02:45:00+00:00,4547.9,4552.0,4546.5,4548.1
2026-08-20 03:00:00+00:00,4548.2,4554.5,4545.7,4550.1
2026-08-20 03:15:00+00:00,4549.9,4554.2,4547.9,4551.1
2026-08-20 03:30:00+00:00,4550.8,4556.7,4550.0,4555.7
2026-08-20 03:45:00+00:00,4555.6,4558.8,4554.8,4555.7
2026-08-20 04:00:00+00:00,4556.4,4556.6,4552.4,4553.6
2026-08-20 04:15:00+00:00,4553.6,4554.3,4547.1,4547.4
2026-08-20 04:30:00+00:00,4547.2,4548.3,4543.4,4544.4
2026-08-20 04:45:00+00:00,4544.3,4549.1,4544.1,4546.1
2026-08-20 05:00:00+00:00,4546.0,4551.4,4541.5,4542.9
2026-08-20 05:15:00+00:00,4542.9,4544.5,4540.0,4540.5
2026-08-20 05:30:00+00:00,4540.0,4543.1,4535.2,4537.8
2026-08-20 05:45:00+00:00,4537.9,4540.5,4534.8,4538.5
2026-08-20 06:00:00+00:00,4538.6,4550.7,4537.2,4550.1
2026-08-20 06:15:00+00:00,4550.4,4553.5,4549.1,4551.3
2026-08-20 06:30:00+00:00,4551.3,4553.0,4549.5,4550.1
2026-08-20 06:45:00+00:00,4550.4,4553.0,4548.5,4550.8
2026-08-20 07:00:00+00:00,4550.6,4551.0,4543.9,4544.5
2026-08-20 07:15:00+00:00,4544.4,4547.1,4540.1,4540.5
2026-08-20 07:30:00+00:00,4540.8,4550.2,4540.1,4547.9
2026-08-20 07:45:00+00:00,4547.5,4552.7,4545.3,4547.6
2026-08-20 08:00:00+00:00,4547.9,4552.3,4547.6,4551.4
2026-08-20 08:15:00+00:00,4551.1,4555.9,4547.0,4548.6
2026-08-20 08:30:00+00:00,4548.1,4552.4,4543.9,4547.4
2026-08-20 08:45:00+00:00,4547.3,4549.0,4544.4,4546.1
2026-08-20 09:00:00+00:00,4546.2,4551.0,4545.2,4549.1
2026-08-20 09:15:00+00:00,4549.0,4550.5,4544.7,4546.8
2026-08-20 09:30:00+00:00,4546.6,4547.2,4541.0,4545.7
2026-08-20 09:45:00+00:00,4545.6,4545.6,4538.2,4538.9
2026-08-20 10:00:00+00:00,4539.1,4547.8,4537.0,4547.1
2026-08-20 10:15:00+00:00,4547.4,4550.5,4542.6,4550.2
2026-08-20 10:30:00+00:00,4550.3,4552.5,4546.5,4547.5
2026-08-20 10:45:00+00:00,4547.7,4547.7,4543.8,4546.4
2026-08-20 11:00:00+00:00,4546.7,4547.9,4539.4,4541.8
2026-08-20 11:15:00+00:00,4541.7,4546.3,4537.6,4540.8
2026-08-20 11:30:00+00:00,4541.1,4543.2,4530.1,4530.9
2026-08-20 11:45:00+00:00,4530.8,4531.9,4521.2,4523.1
2026-08-20 12:00:00+00:00,4523.3,4523.4,4506.2,4518.0
2026-08-20 12:15:00+00:00,4517.8,4523.4,4512.2,4514.3
2026-08-20 12:30:00+00:00,4514.9,4522.3,4506.0,4522.0
2026-08-20 12:45:00+00:00,4521.6,4532.3,4519.0,4529.7
2026-08-20 13:00:00+00:00,4529.8,4539.6,4526.7,4527.9
2026-08-20 13:15:00+00:00,4528.2,4531.9,4525.0,4526.7
2026-08-20 13:30:00+00:00,4526.8,4543.0,4524.1,4541.9
2026-08-20 13:45:00+00:00,4541.7,4544.4,4534.3,4537.0
2026-08-20 14:00:00+00:00,4536.8,4545.9,4535.8,4541.0
2026-08-20 14:15:00+00:00,4541.0,4549.9,4537.4,4547.4
2026-08-20 14:30:00+00:00,4547.6,4556.9,4547.5,4555.1
2026-08-20 14:45:00+00:00,4555.0,4572.0,4554.5,4571.7
2026-08-20 15:00:00+00:00,4571.8,4593.7,4570.7,4591.5
2026-08-20 15:15:00+00:00,4591.2,4597.1,4579.2,4588.6
2026-08-20 15:30:00+00:00,4588.4,4590.0,4563.5,4567.6
2026-08-20 15:45:00+00:00,4567.5,4579.8,4566.8,4577.3
2026-08-20 16:00:00+00:00,4577.5,4580.7,4566.2,4567.1
2026-08-20 16:15:00+00:00,4566.9,4569.2,4561.4,4565.6
2026-08-20 16:30:00+00:00,4565.9,4569.3,4559.2,4565.7
2026-08-20 16:45:00+00:00,4565.6,4570.6,4563.9,4566.7
2026-08-20 17:00:00+00:00,4566.7,4570.9,4564.1,4565.8
2026-08-20 17:15:00+00:00,4565.6,4573.4,4564.3,4569.6
2026-08-20 17:30:00+00:00,4569.6,4575.2,4567.3,4574.9
2026-08-20 17:45:00+00:00,4574.7,4576.9,4573.6,4576.0
2026-08-20 18:00:00+00:00,4576.0,4578.8,4565.3,4567.3
2026-08-20 18:15:00+00:00,4567.4,4576.6,4564.7,4575.9
2026-08-20 18:30:00+00:00,4575.3,4579.7,4575.0,4576.5
2026-08-20 18:45:00+00:00,4576.6,4581.7,4574.1,4578.5
2026-08-20 19:00:00+00:00,4578.3,4584.6,4574.7,4584.2
2026-08-20 19:15:00+00:00,4584.2,4585.9,4579.1,4579.2
2026-08-20 19:30:00+00:00,4579.0,4585.7,4578.2,4582.2
2026-08-20 19:45:00+00:00,4582.4,4588.0,4581.0,4584.9
2026-08-20 20:00:00+00:00,4584.5,4585.2,4578.8,4578.9
2026-08-20 20:15:00+00:00,4578.7,4579.0,4576.7,4577.1
2026-08-20 20:30:00+00:00,4577.1,4577.2,4573.0,4574.4
2026-08-20 20:45:00+00:00,4574.6,4577.3,4574.0,4575.1
2026-08-20 22:00:00+00:00,4577.0,4577.7,4571.0,4574.6
2026-08-20 22:15:00+00:00,4574.6,4576.8,4574.0,4575.4
2026-08-20 22:30:00+00:00,4575.6,4579.8,4574.4,4578.7
2026-08-20 22:45:00+00:00,4578.9,4580.2,4575.5,4580.2
2026-08-20 23:00:00+00:00,4579.9,4589.0,4579.4,4587.6
2026-08-20 23:15:00+00:00,4587.5,4588.4,4578.5,4583.2
2026-08-20 23:30:00+00:00,4582.9,4584.5,4577.1,4580.8
2026-08-20 23:45:00+00:00,4581.0,4584.3,4579.2,4582.2
2026-08-21 00:00:00+00:00,4582.3,4583.7,4573.8,4575.1
2026-08-21 00:15:00+00:00,4574.9,4577.4,4570.4,4571.4
2026-08-21 00:30:00+00:00,4571.9,4573.9,4567.4,4570.4
2026-08-21 00:45:00+00:00,4570.7,4570.9,4566.3,4567.2
2026-08-21 01:00:00+00:00,4567.2,4577.7,4565.5,4577.4
2026-08-21 01:15:00+00:00,4577.5,4587.3,4577.0,4586.4
2026-08-21 01:30:00+00:00,4585.9,4600.3,4579.8,4582.4
2026-08-21 01:45:00+00:00,4582.6,4589.6,4581.8,4587.0
2026-08-21 02:00:00+00:00,4586.8,4587.5,4574.0,4576.3
2026-08-21 02:15:00+00:00,4577.2,4585.3,4576.1,4583.3
2026-08-21 02:30:00+00:00,4583.9,4594.0,4581.3,4593.7
2026-08-21 02:45:00+00:00,4594.1,4599.2,4588.7,4590.0
2026-08-21 03:00:00+00:00,4590.0,4594.7,4588.2,4588.9
2026-08-21 03:15:00+00:00,4588.9,4591.2,4585.7,4585.9
2026-08-21 03:30:00+00:00,4585.9,4591.8,4582.6,4585.0
2026-08-21 03:45:00+00:00,4585.2,4590.9,4584.2,4590.9
2026-08-21 04:00:00+00:00,4591.5,4598.5,4591.2,4596.6
2026-08-21 04:15:00+00:00,4596.4,4603.9,4594.0,4603.2
2026-08-21 04:30:00+00:00,4603.4,4604.4,4597.0,4598.1
2026-08-21 04:45:00+00:00,4598.0,4598.7,4596.3,4596.8
2026-08-21 05:00:00+00:00,4596.4,4596.9,4590.9,4593.6
2026-08-21 05:15:00+00:00,4593.7,4595.0,4586.7,4586.7
2026-08-21 05:30:00+00:00,4586.5,4599.7,4585.4,4599.5
2026-08-21 05:45:00+00:00,4599.5,4612.4,4597.8,4610.1
2026-08-21 06:00:00+00:00,4609.9,4611.5,4601.8,4605.2
2026-08-21 06:15:00+00:00,4605.4,4615.1,4605.4,4612.2
2026-08-21 06:30:00+00:00,4612.0,4622.8,4611.3,4619.5
2026-08-21 06:45:00+00:00,4619.7,4624.7,4617.8,4617.9
2026-08-21 07:00:00+00:00,4617.8,4623.0,4615.4,4618.4
2026-08-21 07:15:00+00:00,4618.6,4624.8,4616.7,4618.6
2026-08-21 07:30:00+00:00,4618.5,4623.5,4617.0,4621.1
2026-08-21 07:45:00+00:00,4621.4,4625.0,4617.9,4621.0
2026-08-21 08:00:00+00:00,4621.4,4625.0,4615.8,4622.3
2026-08-21 08:15:00+00:00,4622.6,4638.9,4620.8,4636.7
2026-08-21 08:30:00+00:00,4636.7,4641.2,4633.5,4639.7
2026-08-21 08:45:00+00:00,4639.6,4642.0,4637.0,4641.0
2026-08-21 09:00:00+00:00,4641.1,4659.0,4638.9,4656.8
2026-08-21 09:15:00+00:00,4656.9,4659.4,4638.3,4639.6
2026-08-21 09:30:00+00:00,4639.3,4644.3,4638.1,4640.4
2026-08-21 09:45:00+00:00,4640.3,4642.8,4637.6,4639.7
2026-08-21 10:00:00+00:00,4639.4,4646.0,4634.5,4635.7
2026-08-21 10:15:00+00:00,4636.0,4646.4,4635.3,4645.6
2026-08-21 10:30:00+00:00,4645.8,4651.6,4642.7,4650.4
2026-08-21 10:45:00+00:00,4650.4,4650.7,4645.0,4645.8
2026-08-21 11:00:00+00:00,4645.5,4652.8,4644.3,4647.5
2026-08-21 11:15:00+00:00,4648.2,4659.3,4648.2,4655.7
2026-08-21 11:30:00+00:00,4655.9,4661.7,4650.3,4654.3
2026-08-21 11:45:00+00:00,4654.3,4657.7,4653.0,4654.4
2026-08-21 12:00:00+00:00,4654.7,4659.1,4646.5,4650.0
2026-08-21 12:15:00+00:00,4650.1,4653.2,4638.0,4642.2
2026-08-21 12:30:00+00:00,4642.0,4642.0,4620.5,4630.5
2026-08-21 12:45:00+00:00,4630.3,4637.9,4630.2,4634.7
2026-08-21 13:00:00+00:00,4634.6,4643.9,4632.5,4642.0
2026-08-21 13:15:00+00:00,4642.4,4644.7,4635.9,4641.1
2026-08-21 13:30:00+00:00,4640.9,4647.9,4630.0,4645.0
2026-08-21 13:45:00+00:00,4644.6,4650.2,4633.8,4638.3
2026-08-21 14:00:00+00:00,4638.1,4647.8,4637.0,4646.3
2026-08-21 14:15:00+00:00,4646.4,4659.8,4642.9,4659.5
2026-08-21 14:30:00+00:00,4659.7,4660.2,4636.5,4639.0
2026-08-21 14:45:00+00:00,4639.1,4652.0,4637.0,4648.1
2026-08-21 15:00:00+00:00,4648.5,4655.1,4644.1,4652.2
2026-08-21 15:15:00+00:00,4652.3,4665.5,4652.0,4660.3
2026-08-21 15:30:00+00:00,4660.3,4668.2,4657.0,4666.9
2026-08-21 15:45:00+00:00,4667.2,4673.0,4664.2,4672.0
2026-08-21 16:00:00+00:00,4672.1,4675.0,4666.3,4672.1
2026-08-21 16:15:00+00:00,4672.1,4678.4,4667.8,4671.6
2026-08-21 16:30:00+00:00,4671.7,4679.6,4669.8,4678.9
2026-08-21 16:45:00+00:00,4678.9,4687.2,4678.4,4686.6
2026-08-21 17:00:00+00:00,4686.7,4690.4,4679.7,4681.4
2026-08-21 17:15:00+00:00,4681.3,4684.2,4673.4,4680.1
2026-08-21 17:30:00+00:00,4680.4,4683.1,4676.9,4677.7
2026-08-21 17:45:00+00:00,4678.0,4680.7,4675.1,4678.7
2026-08-21 18:00:00+00:00,4679.0,4685.9,4678.6,4682.5
2026-08-21 18:15:00+00:00,4682.5,4686.1,4682.5,4683.5
2026-08-21 18:30:00+00:00,4683.3,4683.3,4677.5,4678.5
2026-08-21 18:45:00+00:00,4678.8,4684.0,4678.8,4681.8
2026-08-21 19:00:00+00:00,4682.1,4683.1,4675.9,4680.0
2026-08-21 19:15:00+00:00,4680.2,4680.4,4675.3,4675.6
2026-08-21 19:30:00+00:00,4675.5,4676.9,4673.0,4675.4
2026-08-21 19:45:00+00:00,4675.4,4680.6,4673.0,4674.7
2026-08-21 20:00:00+00:00,4674.6,4675.4,4672.6,4674.6
2026-08-21 20:15:00+00:00,4674.4,4675.0,4667.6,4668.0
2026-08-21 20:30:00+00:00,4668.0,4669.6,4665.4,4665.8
2026-08-21 20:45:00+00:00,4665.6,4680.6,4661.0,4680.6
2026-08-23 22:00:00+00:00,4675.4,4679.1,4673.8,4675.4
2026-08-23 22:15:00+00:00,4675.1,4678.7,4670.2,4671.6
2026-08-23 22:30:00+00:00,4671.1,4674.2,4664.0,4667.5
2026-08-23 22:45:00+00:00,4667.6,4668.0,4663.0,4663.1
2026-08-23 23:00:00+00:00,4663.5,4666.5,4661.9,4665.0
2026-08-23 23:15:00+00:00,4664.8,4673.9,4664.0,4672.6
2026-08-23 23:30:00+00:00,4672.4,4676.3,4664.8,4665.5
2026-08-23 23:45:00+00:00,4665.7,4682.0,4665.4,4681.6
2026-08-24 00:00:00+00:00,4681.6,4698.6,4677.8,4694.9
2026-08-24 00:15:00+00:00,4694.8,4698.1,4651.8,4661.6
2026-08-24 00:30:00+00:00,4661.6,4666.0,4658.2,4664.1
2026-08-24 00:45:00+00:00,4663.1,4680.3,4660.9,4678.8
2026-08-24 01:00:00+00:00,4679.0,4692.0,4675.7,4679.1
2026-08-24 01:15:00+00:00,4679.0,4682.6,4667.9,4671.4
2026-08-24 01:30:00+00:00,4671.5,4677.7,4664.6,4674.6
2026-08-24 01:45:00+00:00,4674.8,4694.3,4671.5,4688.6
2026-08-24 02:00:00+00:00,4688.7,4709.0,4684.4,4707.5
2026-08-24 02:15:00+00:00,4707.1,4712.4,4706.2,4712.3
2026-08-24 02:30:00+00:00,4712.4,4713.8,4694.6,4694.9
2026-08-24 02:45:00+00:00,4694.6,4701.5,4684.3,4700.4
2026-08-24 03:00:00+00:00,4700.4,4700.7,4690.0,4694.1
2026-08-24 03:15:00+00:00,4694.2,4705.1,4691.8,4700.5
2026-08-24 03:30:00+00:00,4700.6,4707.0,4699.6,4700.0
2026-08-24 03:45:00+00:00,4699.8,4701.9,4696.8,4698.2
2026-08-24 04:00:00+00:00,4698.2,4699.0,4688.9,4694.7
2026-08-24 04:15:00+00:00,4694.7,4698.1,4690.8,4696.6
2026-08-24 04:30:00+00:00,4696.6,4697.0,4689.1,4694.4
2026-08-24 04:45:00+00:00,4694.1,4696.4,4692.0,4695.2
2026-08-24 05:00:00+00:00,4695.8,4699.4,4694.9,4699.1
2026-08-24 05:15:00+00:00,4699.5,4702.5,4692.2,4692.2
2026-08-24 05:30:00+00:00,4692.0,4695.6,4685.5,4689.4
2026-08-24 05:45:00+00:00,4689.2,4699.3,4686.3,4697.3
2026-08-24 06:00:00+00:00,4697.5,4708.8,4695.8,4708.2
2026-08-24 06:15:00+00:00,4708.5,4716.7,4697.4,4698.7
2026-08-24 06:30:00+00:00,4699.3,4710.1,4698.4,4699.5
2026-08-24 06:45:00+00:00,4699.5,4710.1,4699.0,4706.7
2026-08-24 07:00:00+00:00,4706.4,4711.0,4700.6,4704.4
2026-08-24 07:15:00+00:00,4704.0,4706.2,4698.0,4699.0
2026-08-24 07:30:00+00:00,4698.4,4704.0,4690.5,4690.6
2026-08-24 07:45:00+00:00,4691.1,4699.7,4686.0,4697.4
2026-08-24 08:00:00+00:00,4697.8,4702.0,4691.4,4692.7
2026-08-24 08:15:00+00:00,4693.0,4696.2,4684.8,4684.8
2026-08-24 08:30:00+00:00,4685.0,4701.8,4684.2,4700.9
2026-08-24 08:45:00+00:00,4701.3,4702.0,4691.2,4693.5
2026-08-24 09:00:00+00:00,4693.7,4700.3,4692.9,4697.3
2026-08-24 09:15:00+00:00,4697.2,4697.2,4690.3,4691.4
2026-08-24 09:30:00+00:00,4691.6,4696.6,4688.8,4695.3
2026-08-24 09:45:00+00:00,4695.3,4702.7,4695.2,4702.4
2026-08-24 10:00:00+00:00,4702.4,4707.0,4702.4,4704.9
2026-08-24 10:15:00+00:00,4705.3,4705.6,4699.2,4700.7
2026-08-24 10:30:00+00:00,4700.4,4706.4,4699.9,4701.3
2026-08-24 10:45:00+00:00,4701.4,4704.3,4698.6,4700.3
2026-08-24 11:00:00+00:00,4700.1,4703.9,4696.2,4699.2
2026-08-24 11:15:00+00:00,4699.6,4705.4,4697.9,4704.0
2026-08-24 11:30:00+00:00,4704.1,4728.3,4700.9,4716.7
2026-08-24 11:45:00+00:00,4716.9,4719.2,4705.6,4715.0
2026-08-24 12:00:00+00:00,4715.2,4717.8,4707.4,4715.5
2026-08-24 12:15:00+00:00,4714.7,4720.5,4709.0,4719.4
2026-08-24 12:30:00+00:00,4719.4,4726.9,4702.0,4715.0
2026-08-24 12:45:00+00:00,4715.3,4725.2,4711.9,4720.7
2026-08-24 13:00:00+00:00,4720.9,4735.7,4719.3,4735.0
2026-08-24 13:15:00+00:00,4734.9,4735.9,4725.1,4730.1
2026-08-24 13:30:00+00:00,4730.1,4738.5,4715.6,4716.0
2026-08-24 13:45:00+00:00,4715.8,4735.6,4713.3,4721.8
2026-08-24 14:00:00+00:00,4721.5,4729.2,4717.0,4722.5
2026-08-24 14:15:00+00:00,4722.3,4732.2,4712.0,4729.0
2026-08-24 14:30:00+00:00,4729.1,4736.1,4726.4,4729.2
2026-08-24 14:45:00+00:00,4729.5,4733.3,4714.0,4727.6
2026-08-24 15:00:00+00:00,4727.8,4734.0,4722.6,4730.3
2026-08-24 15:15:00+00:00,4730.3,4737.0,4725.3,4733.0
2026-08-24 15:30:00+00:00,4733.1,4735.2,4716.8,4718.0
2026-08-24 15:45:00+00:00,4717.6,4720.3,4696.5,4706.0
2026-08-24 16:00:00+00:00,4706.0,4719.0,4703.1,4714.8
2026-08-24 16:15:00+00:00,4714.5,4717.7,4713.3,4716.2
2026-08-24 16:30:00+00:00,4716.2,4719.6,4715.9,4717.1
2026-08-24 16:45:00+00:00,4717.3,4717.7,4697.9,4701.9
2026-08-24 17:00:00+00:00,4702.1,4712.7,4698.8,4709.0
2026-08-24 17:15:00+00:00,4708.8,4711.2,4686.6,4695.0
2026-08-24 17:30:00+00:00,4695.1,4699.2,4692.1,4695.5
2026-08-24 17:45:00+00:00,4695.2,4695.8,4689.3,4693.3
2026-08-24 18:00:00+00:00,4693.0,4697.5,4681.2,4688.5
2026-08-24 18:15:00+00:00,4688.9,4699.0,4683.7,4697.3
2026-08-24 18:30:00+00:00,4697.2,4698.7,4681.4,4691.1
2026-08-24 18:45:00+00:00,4691.4,4694.0,4687.8,4693.0
2026-08-24 19:00:00+00:00,4692.7,4697.0,4692.2,4692.5
2026-08-24 19:15:00+00:00,4692.7,4701.2,4692.2,4697.7
2026-08-24 19:30:00+00:00,4697.6,4706.7,4696.2,4706.0
2026-08-24 19:45:00+00:00,4705.9,4712.1,4705.7,4707.5
2026-08-24 20:00:00+00:00,4707.9,4711.5,4706.4,4707.2
2026-08-24 20:15:00+00:00,4706.9,4710.0,4705.0,4705.3
2026-08-24 20:30:00+00:00,4705.6,4706.2,4703.5,4703.9
2026-08-24 20:45:00+00:00,4704.4,4710.0,4703.4,4710.0
2026-08-24 22:00:00+00:00,4710.1,4718.0,4708.4,4715.6
2026-08-24 22:15:00+00:00,4715.9,4716.4,4713.5,4714.2
2026-08-24 22:30:00+00:00,4714.9,4718.1,4714.0,4718.0
2026-08-24 22:45:00+00:00,4718.2,4725.6,4717.8,4724.5
2026-08-24 23:00:00+00:00,4724.6,4729.4,4723.0,4729.2
2026-08-24 23:15:00+00:00,4729.2,4733.7,4726.0,4726.0
2026-08-24 23:30:00+00:00,4726.1,4734.1,4724.5,4734.0
2026-08-24 23:45:00+00:00,4733.8,4740.6,4732.0,4737.2
2026-08-25 00:00:00+00:00,4737.3,4749.0,4732.7,4747.8
2026-08-25 00:15:00+00:00,4747.8,4748.9,4733.8,4739.8
2026-08-25 00:30:00+00:00,4740.0,4755.0,4739.1,4751.3
2026-08-25 00:45:00+00:00,4751.5,4752.4,4740.7,4741.0
2026-08-25 01:00:00+00:00,4740.8,4743.3,4727.6,4735.0
2026-08-25 01:15:00+00:00,4734.1,4737.1,4720.6,4726.0
2026-08-25 01:30:00+00:00,4726.6,4731.3,4723.3,4726.7
2026-08-25 01:45:00+00:00,4726.9,4732.5,4713.2,4714.7
2026-08-25 02:00:00+00:00,4714.5,4718.3,4694.2,4698.1
2026-08-25 02:15:00+00:00,4697.7,4713.0,4697.1,4712.8
2026-08-25 02:30:00+00:00,4712.5,4712.9,4686.8,4686.8
2026-08-25 02:45:00+00:00,4687.3,4693.7,4670.5,4685.5
2026-08-25 03:00:00+00:00,4685.7,4693.8,4678.1,4689.5
2026-08-25 03:15:00+00:00,4689.6,4694.1,4687.9,4693.9
2026-08-25 03:30:00+00:00,4693.0,4697.7,4690.0,4690.1
2026-08-25 03:45:00+00:00,4690.1,4691.6,4687.2,4688.3
2026-08-25 04:00:00+00:00,4689.4,4693.5,4686.4,4693.2
2026-08-25 04:15:00+00:00,4692.6,4693.0,4684.6,4686.7
2026-08-25 04:30:00+00:00,4686.6,4688.3,4679.5,4681.6
2026-08-25 04:45:00+00:00,4681.4,4684.1,4679.9,4681.1
2026-08-25 05:00:00+00:00,4681.3,4694.9,4679.3,4693.6
2026-08-25 05:15:00+00:00,4693.5,4704.0,4693.5,4702.4
2026-08-25 05:30:00+00:00,4702.5,4703.3,4693.7,4694.7
2026-08-25 05:45:00+00:00,4694.5,4701.5,4691.7,4698.5
2026-08-25 06:00:00+00:00,4698.4,4706.6,4697.0,4705.7
2026-08-25 06:15:00+00:00,4705.6,4709.6,4701.6,4706.3
2026-08-25 06:30:00+00:00,4706.2,4709.6,4704.0,4704.0
2026-08-25 06:45:00+00:00,4704.2,4705.7,4693.0,4694.6
2026-08-25 07:00:00+00:00,4695.0,4698.3,4692.8,4696.2
2026-08-25 07:15:00+00:00,4695.8,4700.3,4690.5,4691.1
2026-08-25 07:30:00+00:00,4691.1,4696.7,4690.2,4695.9
2026-08-25 07:45:00+00:00,4696.1,4697.2,4685.8,4686.1
2026-08-25 08:00:00+00:00,4686.1,4687.6,4676.3,4683.1
2026-08-25 08:15:00+00:00,4682.8,4702.0,4682.2,4689.1
2026-08-25 08:30:00+00:00,4689.1,4691.5,4681.6,4687.9
2026-08-25 08:45:00+00:00,4687.7,4689.6,4680.9,4685.7
2026-08-25 09:00:00+00:00,4685.7,4689.0,4680.3,4686.0
2026-08-25 09:15:00+00:00,4686.3,4689.1,4681.3,4681.7
2026-08-25 09:30:00+00:00,4681.8,4695.1,4679.5,4692.8
2026-08-25 09:45:00+00:00,4692.9,4698.1,4691.2,4691.7
2026-08-25 10:00:00+00:00,4691.6,4694.0,4688.5,4690.4
2026-08-25 10:15:00+00:00,4690.9,4694.3,4688.5,4689.4
2026-08-25 10:30:00+00:00,4689.4,4696.7,4688.1,4693.6
2026-08-25 10:45:00+00:00,4693.7,4698.2,4692.9,4695.0
2026-08-25 11:00:00+00:00,4694.8,4698.8,4691.9,4696.3
2026-08-25 11:15:00+00:00,4697.8,4700.2,4694.5,4697.2
2026-08-25 11:30:00+00:00,4697.1,4701.2,4696.2,4696.6
2026-08-25 11:45:00+00:00,4696.7,4703.5,4696.6,4698.4
2026-08-25 12:00:00+00:00,4698.7,4698.9,4691.0,4694.8
2026-08-25 12:15:00+00:00,4694.6,4695.1,4687.3,4692.8
2026-08-25 12:30:00+00:00,4692.7,4696.0,4685.3,4693.7
2026-08-25 12:45:00+00:00,4693.4,4699.6,4692.8,4695.7
2026-08-25 13:00:00+00:00,4696.3,4696.6,4678.1,4678.5
2026-08-25 13:15:00+00:00,4678.1,4683.2,4663.4,4664.7
2026-08-25 13:30:00+00:00,4665.1,4678.7,4664.2,4667.7
2026-08-25 13:45:00+00:00,4667.6,4673.0,4659.5,4671.4
2026-08-25 14:00:00+00:00,4671.3,4682.4,4668.8,4678.2
2026-08-25 14:15:00+00:00,4678.7,4684.5,4674.1,4679.8
2026-08-25 14:30:00+00:00,4679.7,4694.2,4667.3,4693.1
2026-08-25 14:45:00+00:00,4693.0,4696.0,4688.8,4691.6
2026-08-25 15:00:00+00:00,4691.8,4693.3,4686.3,4689.2
2026-08-25 15:15:00+00:00,4689.3,4701.0,4685.1,4695.8
2026-08-25 15:30:00+00:00,4696.0,4716.4,4696.0,4713.3
2026-08-25 15:45:00+00:00,4713.3,4714.1,4705.9,4709.5
2026-08-25 16:00:00+00:00,4709.6,4710.2,4699.5,4701.4
2026-08-25 16:15:00+00:00,4701.2,4703.8,4694.6,4698.0
2026-08-25 16:30:00+00:00,4697.8,4702.6,4694.3,4701.2
2026-08-25 16:45:00+00:00,4701.5,4703.8,4697.7,4700.8
2026-08-25 17:00:00+00:00,4700.6,4700.6,4691.3,4694.8
2026-08-25 17:15:00+00:00,4695.3,4702.4,4691.8,4694.2
2026-08-25 17:30:00+00:00,4694.2,4701.7,4693.5,4700.2
2026-08-25 17:45:00+00:00,4700.2,4705.8,4699.9,4705.8
2026-08-25 18:00:00+00:00,4705.8,4707.4,4701.7,4704.5
2026-08-25 18:15:00+00:00,4704.1,4707.6,4703.3,4706.8
2026-08-25 18:30:00+00:00,4707.0,4707.3,4702.7,4706.0
2026-08-25 18:45:00+00:00,4706.0,4711.8,4706.0,4711.4
2026-08-25 19:00:00+00:00,4711.4,4720.0,4710.4,4719.2
2026-08-25 19:15:00+00:00,4719.3,4725.6,4717.0,4717.9
2026-08-25 19:30:00+00:00,4718.0,4721.9,4714.7,4719.0
2026-08-25 19:45:00+00:00,4718.8,4724.3,4717.1,4723.4
2026-08-25 20:00:00+00:00,4723.3,4726.0,4719.7,4722.7
2026-08-25 20:15:00+00:00,4722.9,4724.9,4719.0,4719.5
2026-08-25 20:30:00+00:00,4719.7,4721.2,4717.3,4718.4
2026-08-25 20:45:00+00:00,4718.8,4719.4,4714.1,4715.9
2026-08-25 22:00:00+00:00,4715.7,4722.3,4712.1,4721.7
2026-08-25 22:15:00+00:00,4721.6,4724.3,4721.6,4723.9
2026-08-25 22:30:00+00:00,4723.8,4727.8,4723.8,4727.2
2026-08-25 22:45:00+00:00,4727.2,4730.9,4727.2,4729.7
2026-08-25 23:00:00+00:00,4729.7,4730.6,4724.0,4725.1
2026-08-25 23:15:00+00:00,4725.0,4725.1,4717.5,4718.3
2026-08-25 23:30:00+00:00,4718.5,4718.8,4712.8,4713.5
2026-08-25 23:45:00+00:00,4713.1,4716.0,4710.3,4712.1
2026-08-26 00:00:00+00:00,4711.9,4715.2,4707.4,4708.4
2026-08-26 00:15:00+00:00,4708.3,4712.3,4700.1,4703.7
2026-08-26 00:30:00+00:00,4704.2,4707.2,4693.1,4694.1
2026-08-26 00:45:00+00:00,4694.0,4695.7,4691.1,4694.2
2026-08-26 01:00:00+00:00,4694.6,4704.7,4686.2,4700.8
2026-08-26 01:15:00+00:00,4701.5,4707.1,4700.0,4700.3
2026-08-26 01:30:00+00:00,4700.3,4703.9,4695.6,4701.1
2026-08-26 01:45:00+00:00,4702.1,4717.7,4700.1,4713.8
2026-08-26 02:00:00+00:00,4713.6,4718.5,4711.6,4717.0
2026-08-26 02:15:00+00:00,4717.0,4718.7,4712.6,4715.5
2026-08-26 02:30:00+00:00,4715.4,4728.0,4714.5,4724.3
2026-08-26 02:45:00+00:00,4724.2,4726.0,4714.9,4715.2
2026-08-26 03:00:00+00:00,4715.4,4715.9,4704.2,4705.3
2026-08-26 03:15:00+00:00,4705.1,4708.1,4702.4,4707.3
2026-08-26 03:30:00+00:00,4707.2,4708.4,4702.3,4702.5
2026-08-26 03:45:00+00:00,4702.3,4702.4,4699.6,4701.1
2026-08-26 04:00:00+00:00,4699.8,4701.2,4698.9,4699.6
2026-08-26 04:15:00+00:00,4699.7,4700.5,4698.2,4699.2
2026-08-26 04:30:00+00:00,4699.4,4700.4,4696.4,4697.6
2026-08-26 04:45:00+00:00,4697.9,4698.8,4695.7,4697.6
2026-08-26 05:00:00+00:00,4697.5,4702.8,4697.3,4700.2
2026-08-26 05:15:00+00:00,4700.2,4702.2,4698.4,4700.2
2026-08-26 05:30:00+00:00,4700.4,4706.3,4694.7,4695.0
2026-08-26 05:45:00+00:00,4694.6,4697.3,4692.2,4696.3
2026-08-26 06:00:00+00:00,4696.2,4698.0,4692.6,4694.2
2026-08-26 06:15:00+00:00,4694.2,4694.2,4681.1,4683.4
2026-08-26 06:30:00+00:00,4683.4,4691.2,4682.6,4690.2
2026-08-26 06:45:00+00:00,4690.1,4693.3,4687.1,4690.6
2026-08-26 07:00:00+00:00,4690.6,4695.7,4689.3,4693.0
2026-08-26 07:15:00+00:00,4692.7,4694.3,4686.9,4687.5
2026-08-26 07:30:00+00:00,4687.6,4693.0,4685.1,4688.3
2026-08-26 07:45:00+00:00,4688.4,4691.2,4682.6,4685.1
2026-08-26 08:00:00+00:00,4684.9,4686.7,4681.4,4681.5
2026-08-26 08:15:00+00:00,4681.3,4685.1,4677.3,4684.9
2026-08-26 08:30:00+00:00,4685.2,4686.4,4680.6,4685.0
2026-08-26 08:45:00+00:00,4684.8,4685.4,4681.3,4683.7
2026-08-26 09:00:00+00:00,4684.0,4687.0,4679.2,4680.4
2026-08-26 09:15:00+00:00,4680.3,4680.7,4671.3,4672.4
2026-08-26 09:30:00+00:00,4672.1,4678.1,4672.0,4678.0
2026-08-26 09:45:00+00:00,4677.7,4681.6,4677.7,4679.5
2026-08-26 10:00:00+00:00,4679.6,4680.0,4673.9,4675.1
2026-08-26 10:15:00+00:00,4674.9,4676.8,4668.8,4670.8
2026-08-26 10:30:00+00:00,4671.2,4680.1,4670.7,4678.3
2026-08-26 10:45:00+00:00,4678.4,4679.9,4674.6,4675.9
2026-08-26 11:00:00+00:00,4676.3,4677.9,4672.6,4674.1
2026-08-26 11:15:00+00:00,4674.4,4678.8,4672.1,4676.0
2026-08-26 11:30:00+00:00,4676.4,4678.9,4673.0,4674.5
2026-08-26 11:45:00+00:00,4674.5,4681.0,4672.4,4680.3
2026-08-26 12:00:00+00:00,4680.6,4685.6,4679.4,4681.2
2026-08-26 12:15:00+00:00,4681.3,4686.6,4680.0,4686.6
2026-08-26 12:30:00+00:00,4686.6,4690.0,4666.9,4677.7
2026-08-26 12:45:00+00:00,4677.6,4681.7,4666.0,4669.5
2026-08-26 13:00:00+00:00,4670.0,4676.9,4662.6,4666.3
2026-08-26 13:15:00+00:00,4666.2,4669.8,4653.3,4666.5
2026-08-26 13:30:00+00:00,4666.7,4678.3,4665.5,4675.0
2026-08-26 13:45:00+00:00,4675.0,4687.0,4673.4,4686.6
2026-08-26 14:00:00+00:00,4686.7,4688.6,4675.0,4676.1
2026-08-26 14:15:00+00:00,4676.2,4682.8,4672.0,4672.5
2026-08-26 14:30:00+00:00,4672.4,4678.9,4668.6,4677.9
2026-08-26 14:45:00+00:00,4677.9,4678.8,4658.0,4658.2
2026-08-26 15:00:00+00:00,4658.5,4660.8,4642.6,4644.0
2026-08-26 15:15:00+00:00,4644.0,4653.7,4638.2,4650.4
2026-08-26 15:30:00+00:00,4650.0,4660.3,4649.9,4660.2
2026-08-26 15:45:00+00:00,4660.4,4664.6,4651.4,4651.4
2026-08-26 16:00:00+00:00,4651.6,4656.8,4645.9,4655.2
2026-08-26 16:15:00+00:00,4655.4,4655.8,4648.8,4649.9
2026-08-26 16:30:00+00:00,4650.2,4651.5,4640.8,4643.7
2026-08-26 16:45:00+00:00,4643.3,4652.5,4643.3,4647.1
2026-08-26 17:00:00+00:00,4647.1,4651.6,4645.9,4650.2
2026-08-26 17:15:00+00:00,4650.3,4654.3,4648.8,4653.4
2026-08-26 17:30:00+00:00,4653.2,4657.6,4651.0,4652.6
2026-08-26 17:45:00+00:00,4652.5,4654.6,4649.4,4653.2
2026-08-26 18:00:00+00:00,4653.1,4660.3,4652.3,4655.9
2026-08-26 18:15:00+00:00,4656.0,4656.2,4648.0,4650.2
2026-08-26 18:30:00+00:00,4649.9,4652.6,4647.5,4652.0
2026-08-26 18:45:00+00:00,4651.6,4653.0,4648.3,4648.5
2026-08-26 19:00:00+00:00,4648.8,4650.4,4645.7,4649.1
2026-08-26 19:15:00+00:00,4649.1,4653.7,4645.8,4653.1
2026-08-26 19:30:00+00:00,4653.2,4656.3,4649.0,4650.2
2026-08-26 19:45:00+00:00,4650.5,4651.1,4647.0,4648.9
2026-08-26 20:00:00+00:00,4649.0,4651.4,4646.0,4646.0
2026-08-26 20:15:00+00:00,4646.4,4646.7,4638.6,4645.9
2026-08-26 20:30:00+00:00,4645.8,4648.4,4645.0,4646.4
2026-08-26 20:45:00+00:00,4646.6,4649.7,4646.5,4647.8
2026-08-26 22:00:00+00:00,4650.0,4660.0,4648.1,4656.6
2026-08-26 22:15:00+00:00,4657.0,4667.7,4656.2,4665.1
2026-08-26 22:30:00+00:00,4665.2,4666.0,4663.1,4665.0
2026-08-26 22:45:00+00:00,4665.3,4666.2,4660.7,4663.3
2026-08-26 23:00:00+00:00,4663.2,4669.5,4660.9,4669.5
2026-08-26 23:15:00+00:00,4669.1,4676.1,4668.2,4673.7
2026-08-26 23:30:00+00:00,4674.1,4678.7,4672.0,4676.8
2026-08-26 23:45:00+00:00,4676.3,4678.9,4674.7,4677.5
2026-08-27 00:00:00+00:00,4677.9,4681.0,4670.3,4672.0
2026-08-27 00:15:00+00:00,4671.7,4675.3,4667.4,4673.1
2026-08-27 00:30:00+00:00,4673.0,4673.0,4659.4,4660.4
2026-08-27 00:45:00+00:00,4660.5,4665.3,4654.5,4659.2
2026-08-27 01:00:00+00:00,4658.9,4679.1,4656.2,4678.9
2026-08-27 01:15:00+00:00,4679.1,4679.5,4671.2,4672.8
2026-08-27 01:30:00+00:00,4672.7,4686.0,4672.4,4678.4
2026-08-27 01:45:00+00:00,4678.4,4695.4,4678.3,4694.6
2026-08-27 02:00:00+00:00,4694.6,4697.7,4692.6,4695.4
2026-08-27 02:15:00+00:00,4695.0,4695.2,4687.4,4687.9
2026-08-27 02:30:00+00:00,4687.8,4688.4,4678.1,4681.6
2026-08-27 02:45:00+00:00,4681.8,4685.9,4678.9,4683.7
2026-08-27 03:00:00+00:00,4683.8,4689.7,4682.9,4689.0
2026-08-27 03:15:00+00:00,4688.7,4693.1,4687.4,4690.0
2026-08-27 03:30:00+00:00,4690.0,4690.3,4683.4,4684.0
2026-08-27 03:45:00+00:00,4683.7,4684.4,4678.8,4679.0
2026-08-27 04:00:00+00:00,4679.7,4681.8,4678.8,4679.8
2026-08-27 04:15:00+00:00,4679.6,4681.6,4675.0,4675.0
2026-08-27 04:30:00+00:00,4674.9,4675.3,4671.4,4673.4
2026-08-27 04:45:00+00:00,4673.3,4675.0,4671.9,4673.0
2026-08-27 05:00:00+00:00,4673.3,4675.7,4670.6,4673.9
2026-08-27 05:15:00+00:00,4674.0,4675.8,4670.8,4671.2
2026-08-27 05:30:00+00:00,4671.1,4673.9,4658.7,4659.7
2026-08-27 05:45:00+00:00,4659.5,4663.9,4655.0,4661.2
2026-08-27 06:00:00+00:00,4661.0,4661.5,4653.3,4660.0
2026-08-27 06:15:00+00:00,4659.4,4664.2,4657.6,4664.2
2026-08-27 06:30:00+00:00,4664.4,4665.7,4658.6,4661.5
2026-08-27 06:45:00+00:00,4661.6,4663.5,4651.7,4654.3
2026-08-27 07:00:00+00:00,4654.3,4659.7,4652.6,4657.7
2026-08-27 07:15:00+00:00,4657.5,4657.5,4647.2,4653.3
2026-08-27 07:30:00+00:00,4653.4,4655.1,4648.7,4651.5
2026-08-27 07:45:00+00:00,4651.8,4656.3,4649.4,4653.4
2026-08-27 08:00:00+00:00,4654.0,4660.5,4653.2,4656.8
2026-08-27 08:15:00+00:00,4657.2,4659.8,4653.6,4654.7
2026-08-27 08:30:00+00:00,4654.5,4655.3,4647.9,4649.2
2026-08-27 08:45:00+00:00,4649.2,4655.5,4648.9,4652.3
2026-08-27 09:00:00+00:00,4652.3,4653.8,4646.6,4648.7
2026-08-27 09:15:00+00:00,4649.0,4652.5,4646.8,4650.7
2026-08-27 09:30:00+00:00,4650.9,4652.1,4631.0,4635.6
2026-08-27 09:45:00+00:00,4635.4,4639.0,4631.7,4633.2
2026-08-27 10:00:00+00:00,4632.9,4634.7,4618.9,4634.4
2026-08-27 10:15:00+00:00,4634.0,4636.2,4629.9,4633.2
2026-08-27 10:30:00+00:00,4632.9,4639.1,4628.9,4638.6
2026-08-27 10:45:00+00:00,4638.6,4643.6,4638.4,4643.0
2026-08-27 11:00:00+00:00,4643.1,4645.7,4640.2,4645.5
2026-08-27 11:15:00+00:00,4645.4,4650.2,4644.2,4647.4
2026-08-27 11:30:00+00:00,4647.9,4653.0,4647.1,4651.0
2026-08-27 11:45:00+00:00,4651.0,4653.7,4647.9,4652.3
2026-08-27 12:00:00+00:00,4652.0,4654.7,4646.0,4646.1
2026-08-27 12:15:00+00:00,4646.0,4654.1,4645.0,4650.0
2026-08-27 12:30:00+00:00,4650.6,4651.0,4640.7,4641.0
2026-08-27 12:45:00+00:00,4641.0,4641.6,4633.7,4639.3
2026-08-27 13:00:00+00:00,4639.2,4644.0,4633.0,4638.5
2026-08-27 13:15:00+00:00,4638.2,4646.4,4636.0,4643.1
2026-08-27 13:30:00+00:00,4643.0,4646.0,4624.5,4631.3
2026-08-27 13:45:00+00:00,4630.7,4635.9,4616.0,4625.9
2026-08-27 14:00:00+00:00,4625.6,4632.8,4621.7,4627.6
2026-08-27 14:15:00+00:00,4627.0,4637.9,4627.0,4634.6
2026-08-27 14:30:00+00:00,4634.4,4651.5,4634.4,4648.8
2026-08-27 14:45:00+00:00,4648.9,4652.0,4641.9,4645.1
2026-08-27 15:00:00+00:00,4645.0,4649.5,4644.9,4646.5
2026-08-27 15:15:00+00:00,4646.6,4651.9,4642.7,4646.9
2026-08-27 15:30:00+00:00,4646.9,4660.0,4646.1,4655.5
2026-08-27 15:45:00+00:00,4655.7,4665.5,4654.3,4664.5
2026-08-27 16:00:00+00:00,4664.7,4666.9,4658.7,4658.9
2026-08-27 16:15:00+00:00,4658.9,4662.6,4656.5,4662.0
2026-08-27 16:30:00+00:00,4661.8,4667.1,4660.0,4665.7
2026-08-27 16:45:00+00:00,4665.6,4670.9,4664.3,4669.3
2026-08-27 17:00:00+00:00,4669.2,4670.7,4662.7,4664.5
2026-08-27 17:15:00+00:00,4664.4,4666.2,4662.5,4664.3
2026-08-27 17:30:00+00:00,4664.5,4668.4,4662.4,4665.4
2026-08-27 17:45:00+00:00,4665.5,4665.9,4659.1,4660.4
2026-08-27 18:00:00+00:00,4660.6,4662.1,4655.9,4659.2
2026-08-27 18:15:00+00:00,4659.6,4662.0,4655.2,4655.3
2026-08-27 18:30:00+00:00,4655.3,4659.0,4654.7,4658.3
2026-08-27 18:45:00+00:00,4658.4,4665.2,4658.2,4664.3
2026-08-27 19:00:00+00:00,4664.7,4672.4,4664.6,4669.9
2026-08-27 19:15:00+00:00,4670.4,4670.4,4658.3,4660.0
2026-08-27 19:30:00+00:00,4659.8,4664.2,4658.6,4663.6
2026-08-27 19:45:00+00:00,4663.7,4666.4,4658.8,4662.7
2026-08-27 20:00:00+00:00,4662.8,4663.6,4657.5,4658.7
2026-08-27 20:15:00+00:00,4658.5,4659.3,4656.6,4657.3
2026-08-27 20:30:00+00:00,4657.5,4658.3,4655.5,4657.7
2026-08-27 20:45:00+00:00,4657.9,4658.6,4653.8,4654.8
2026-08-27 22:00:00+00:00,4656.0,4660.9,4653.9,4657.9
2026-08-27 22:15:00+00:00,4658.4,4662.0,4657.6,4661.0
2026-08-27 22:30:00+00:00,4661.4,4663.4,4660.0,4661.1
2026-08-27 22:45:00+00:00,4660.9,4664.1,4659.8,4664.1
2026-08-27 23:00:00+00:00,4664.0,4664.8,4656.1,4656.1
2026-08-27 23:15:00+00:00,4655.8,4656.8,4652.9,4654.4
2026-08-27 23:30:00+00:00,4654.4,4655.2,4651.5,4652.8
2026-08-27 23:45:00+00:00,4652.5,4652.9,4647.3,4647.6
2026-08-28 00:00:00+00:00,4647.8,4655.7,4646.5,4653.5
2026-08-28 00:15:00+00:00,4653.8,4654.1,4643.8,4647.1
2026-08-28 00:30:00+00:00,4647.3,4647.3,4640.7,4643.8
2026-08-28 00:45:00+00:00,4643.5,4644.1,4638.5,4641.2
2026-08-28 01:00:00+00:00,4642.4,4655.4,4639.4,4647.3
2026-08-28 01:15:00+00:00,4647.5,4651.0,4637.0,4638.8
2026-08-28 01:30:00+00:00,4638.9,4642.1,4631.2,4635.1
2026-08-28 01:45:00+00:00,4634.7,4636.0,4628.1,4628.9
2026-08-28 02:00:00+00:00,4628.6,4635.4,4628.0,4634.1
2026-08-28 02:15:00+00:00,4633.7,4637.6,4631.4,4636.3
2026-08-28 02:30:00+00:00,4636.4,4642.4,4635.9,4637.8
2026-08-28 02:45:00+00:00,4637.9,4639.8,4634.9,4638.9
2026-08-28 03:00:00+00:00,4638.7,4640.9,4635.0,4637.1
2026-08-28 03:15:00+00:00,4636.8,4642.3,4636.8,4640.6
2026-08-28 03:30:00+00:00,4640.5,4640.5,4633.4,4634.1
2026-08-28 03:45:00+00:00,4634.0,4634.0,4630.9,4631.4
2026-08-28 04:00:00+00:00,4632.3,4632.9,4630.2,4631.6
2026-08-28 04:15:00+00:00,4631.2,4637.5,4630.8,4636.8
2026-08-28 04:30:00+00:00,4636.5,4636.5,4630.0,4632.0
2026-08-28 04:45:00+00:00,4632.0,4637.5,4630.2,4636.4
2026-08-28 05:00:00+00:00,4636.7,4637.3,4630.3,4632.3
2026-08-28 05:15:00+00:00,4631.9,4638.6,4631.4,4636.4
2026-08-28 05:30:00+00:00,4636.2,4636.2,4623.0,4625.0
2026-08-28 05:45:00+00:00,4624.9,4629.5,4623.8,4625.5
2026-08-28 06:00:00+00:00,4625.7,4636.0,4624.5,4634.3
2026-08-28 06:15:00+00:00,4634.1,4638.1,4633.0,4637.3
2026-08-28 06:30:00+00:00,4637.1,4640.9,4635.6,4640.6
2026-08-28 06:45:00+00:00,4640.8,4666.2,4640.7,4665.5
2026-08-28 07:00:00+00:00,4665.4,4666.4,4648.7,4653.5
2026-08-28 07:15:00+00:00,4653.3,4662.9,4652.1,4659.9
2026-08-28 07:30:00+00:00,4660.4,4667.4,4660.1,4662.3
2026-08-28 07:45:00+00:00,4662.1,4666.6,4660.4,4665.0
2026-08-28 08:00:00+00:00,4664.9,4667.7,4663.2,4665.1
2026-08-28 08:15:00+00:00,4665.3,4665.5,4661.3,4662.3
2026-08-28 08:30:00+00:00,4662.7,4665.1,4657.0,4657.1
2026-08-28 08:45:00+00:00,4657.1,4659.9,4654.3,4656.3
2026-08-28 09:00:00+00:00,4656.4,4657.9,4654.3,4655.3
2026-08-28 09:15:00+00:00,4655.0,4657.7,4653.5,4655.5
2026-08-28 09:30:00+00:00,4655.2,4658.7,4654.6,4657.7
2026-08-28 09:45:00+00:00,4657.6,4661.4,4656.7,4658.7
2026-08-28 10:00:00+00:00,4658.8,4662.8,4657.0,4662.2
2026-08-28 10:15:00+00:00,4662.4,4663.5,4655.0,4658.5
2026-08-28 10:30:00+00:00,4658.7,4661.2,4655.0,4656.0
2026-08-28 10:45:00+00:00,4655.8,4656.5,4650.3,4653.1
2026-08-28 11:00:00+00:00,4653.1,4654.2,4647.7,4651.3
2026-08-28 11:15:00+00:00,4651.3,4653.9,4650.2,4651.4
2026-08-28 11:30:00+00:00,4651.4,4653.4,4643.6,4647.2
2026-08-28 11:45:00+00:00,4647.0,4648.6,4644.0,4645.6
2026-08-28 12:00:00+00:00,4645.6,4649.3,4643.2,4646.9
2026-08-28 12:15:00+00:00,4647.0,4656.4,4644.5,4654.5
2026-08-28 12:30:00+00:00,4654.3,4655.0,4641.2,4644.1
2026-08-28 12:45:00+00:00,4644.1,4655.2,4642.6,4654.1
2026-08-28 13:00:00+00:00,4654.2,4657.7,4648.6,4651.3
2026-08-28 13:15:00+00:00,4651.5,4656.7,4645.9,4656.3
2026-08-28 13:30:00+00:00,4656.1,4660.3,4651.1,4657.0
2026-08-28 13:45:00+00:00,4657.3,4680.8,4655.2,4657.5
2026-08-28 14:00:00+00:00,4657.4,4688.0,4594.6,4597.5
2026-08-28 14:15:00+00:00,4597.7,4620.5,4580.2,4603.2
2026-08-28 14:30:00+00:00,4603.5,4629.2,4603.0,4613.2
2026-08-28 14:45:00+00:00,4613.1,4633.0,4601.7,4629.0
2026-08-28 15:00:00+00:00,4629.3,4636.1,4609.5,4611.6
2026-08-28 15:15:00+00:00,4611.7,4620.7,4603.5,4618.8
2026-08-28 15:30:00+00:00,4619.0,4619.7,4586.5,4590.8
2026-08-28 15:45:00+00:00,4591.6,4598.1,4574.8,4575.7
2026-08-28 16:00:00+00:00,4575.9,4580.9,4548.0,4549.3
2026-08-28 16:15:00+00:00,4549.1,4555.0,4515.3,4531.6
2026-08-28 16:30:00+00:00,4531.6,4538.3,4516.7,4519.6
2026-08-28 16:45:00+00:00,4519.8,4535.9,4519.5,4529.9
2026-08-28 17:00:00+00:00,4530.1,4533.6,4521.9,4531.3
2026-08-28 17:15:00+00:00,4531.3,4537.2,4525.4,4528.4
2026-08-28 17:30:00+00:00,4528.5,4532.1,4510.5,4517.5
2026-08-28 17:45:00+00:00,4517.3,4526.1,4516.7,4519.7
2026-08-28 18:00:00+00:00,4519.7,4521.9,4509.5,4511.1
2026-08-28 18:15:00+00:00,4511.1,4513.5,4502.4,4506.2
2026-08-28 18:30:00+00:00,4505.9,4508.5,4495.0,4501.0
2026-08-28 18:45:00+00:00,4500.5,4507.9,4498.0,4506.5
2026-08-28 19:00:00+00:00,4506.5,4512.6,4502.4,4506.7
2026-08-28 19:15:00+00:00,4506.5,4513.2,4504.7,4512.0
2026-08-28 19:30:00+00:00,4511.6,4517.2,4510.8,4514.6
2026-08-28 19:45:00+00:00,4514.4,4514.4,4502.3,4507.9
2026-08-28 20:00:00+00:00,4507.9,4512.3,4504.9,4507.5
2026-08-28 20:15:00+00:00,4507.7,4510.2,4503.2,4507.4
2026-08-28 20:30:00+00:00,4507.5,4507.5,4503.4,4506.6
2026-08-28 20:45:00+00:00,4507.0,4529.9,4502.7,4529.9
2026-08-30 22:00:00+00:00,4506.3,4510.0,4505.0,4509.2
2026-08-30 22:15:00+00:00,4508.8,4515.9,4506.2,4509.2
2026-08-30 22:30:00+00:00,4509.0,4512.0,4502.2,4507.3
2026-08-30 22:45:00+00:00,4507.2,4512.0,4506.4,4510.9
2026-08-30 23:00:00+00:00,4510.8,4516.6,4508.8,4509.8
2026-08-30 23:15:00+00:00,4509.9,4514.4,4503.9,4506.8
2026-08-30 23:30:00+00:00,4506.4,4507.0,4495.7,4496.5
2026-08-30 23:45:00+00:00,4496.2,4509.6,4485.2,4507.8
2026-08-31 00:00:00+00:00,4507.8,4512.9,4502.4,4511.3
2026-08-31 00:15:00+00:00,4511.0,4514.6,4501.4,4505.7
2026-08-31 00:30:00+00:00,4506.2,4521.5,4506.2,4514.5
2026-08-31 00:45:00+00:00,4514.5,4518.3,4505.5,4505.7
2026-08-31 01:00:00+00:00,4505.8,4512.4,4485.3,4493.3
2026-08-31 01:15:00+00:00,4492.8,4503.5,4491.8,4493.5
2026-08-31 01:30:00+00:00,4493.0,4503.1,4485.6,4500.2
2026-08-31 01:45:00+00:00,4500.2,4501.9,4485.0,4489.6
2026-08-31 02:00:00+00:00,4489.1,4490.7,4466.0,4474.0
2026-08-31 02:15:00+00:00,4473.9,4477.2,4467.5,4472.4
2026-08-31 02:30:00+00:00,4472.1,4475.7,4451.2,4452.1
2026-08-31 02:45:00+00:00,4452.1,4472.4,4445.6,4472.3
2026-08-31 03:00:00+00:00,4472.3,4477.8,4471.1,4477.8
2026-08-31 03:15:00+00:00,4478.0,4483.6,4476.0,4477.3
2026-08-31 03:30:00+00:00,4477.2,4477.3,4469.5,4472.3
2026-08-31 03:45:00+00:00,4472.5,4476.8,4471.1,4472.0
2026-08-31 04:00:00+00:00,4472.3,4472.5,4466.4,4471.1
2026-08-31 04:15:00+00:00,4471.2,4471.3,4465.5,4465.5
2026-08-31 04:30:00+00:00,4465.5,4471.9,4462.5,4469.9
2026-08-31 04:45:00+00:00,4470.1,4475.0,4468.6,4474.6
2026-08-31 05:00:00+00:00,4474.6,4477.0,4469.2,4473.0
2026-08-31 05:15:00+00:00,4472.6,4490.5,4472.0,4489.9
2026-08-31 05:30:00+00:00,4490.3,4491.9,4480.4,4486.6
2026-08-31 05:45:00+00:00,4487.1,4493.5,4483.9,4492.7
2026-08-31 06:00:00+00:00,4492.7,4493.0,4478.9,4482.0
2026-08-31 06:15:00+00:00,4482.3,4489.0,4481.2,4486.0
2026-08-31 06:30:00+00:00,4485.7,4491.1,4481.3,4489.5
2026-08-31 06:45:00+00:00,4489.5,4493.0,4486.7,4489.4
2026-08-31 07:00:00+00:00,4489.2,4491.6,4485.5,4485.9
2026-08-31 07:15:00+00:00,4486.0,4498.5,4485.0,4494.1
2026-08-31 07:30:00+00:00,4494.1,4497.3,4491.3,4496.7
2026-08-31 07:45:00+00:00,4496.9,4498.2,4490.9,4493.3
2026-08-31 08:00:00+00:00,4493.3,4499.7,4487.1,4489.1
2026-08-31 08:15:00+00:00,4489.0,4491.4,4486.2,4490.5
2026-08-31 08:30:00+00:00,4490.2,4490.2,4484.4,4485.5
2026-08-31 08:45:00+00:00,4485.4,4487.0,4483.9,4485.6
2026-08-31 09:00:00+00:00,4485.8,4493.1,4485.7,4493.1
2026-08-31 09:15:00+00:00,4493.3,4494.5,4488.0,4489.5
2026-08-31 09:30:00+00:00,4489.6,4495.2,4489.3,4493.7
2026-08-31 09:45:00+00:00,4493.7,4496.0,4491.8,4496.0
2026-08-31 10:00:00+00:00,4495.9,4504.2,4495.2,4502.0
2026-08-31 10:15:00+00:00,4502.4,4502.8,4496.8,4499.1
2026-08-31 10:30:00+00:00,4499.2,4502.9,4498.5,4501.7
2026-08-31 10:45:00+00:00,4501.9,4506.7,4500.2,4504.5
2026-08-31 11:00:00+00:00,4504.6,4508.4,4503.8,4504.4
2026-08-31 11:15:00+00:00,4504.5,4514.9,4503.1,4514.1
2026-08-31 11:30:00+00:00,4514.1,4514.9,4504.5,4505.3
2026-08-31 11:45:00+00:00,4505.7,4507.1,4503.2,4506.2
2026-08-31 12:00:00+00:00,4506.1,4511.9,4500.8,4508.2
2026-08-31 12:15:00+00:00,4508.3,4509.7,4497.8,4498.7
2026-08-31 12:30:00+00:00,4498.4,4500.9,4489.8,4491.6
2026-08-31 12:45:00+00:00,4491.4,4492.9,4486.5,4486.9
2026-08-31 13:00:00+00:00,4486.7,4497.8,4484.8,4497.0
2026-08-31 13:15:00+00:00,4497.1,4499.5,4490.5,4497.3
2026-08-31 13:30:00+00:00,4497.4,4498.5,4483.1,4484.6
2026-08-31 13:45:00+00:00,4484.7,4484.8,4466.4,4469.1
2026-08-31 14:00:00+00:00,4469.3,4478.5,4466.7,4477.6
2026-08-31 14:15:00+00:00,4477.7,4481.6,4466.9,4470.6
2026-08-31 14:30:00+00:00,4470.5,4487.2,4470.0,4483.1
2026-08-31 14:45:00+00:00,4483.5,4486.3,4476.2,4481.7
2026-08-31 15:00:00+00:00,4481.7,4487.7,4477.9,4485.2
2026-08-31 15:15:00+00:00,4485.4,4487.9,4478.9,4482.9
2026-08-31 15:30:00+00:00,4482.4,4484.0,4476.0,4477.2
2026-08-31 15:45:00+00:00,4477.3,4483.6,4474.3,4475.5
2026-08-31 16:00:00+00:00,4475.9,4487.1,4473.0,4484.4
2026-08-31 16:15:00+00:00,4484.7,4488.7,4482.9,4488.3
2026-08-31 16:30:00+00:00,4488.6,4490.3,4481.0,4485.4
2026-08-31 16:45:00+00:00,4485.2,4487.1,4481.8,4482.6
2026-08-31 17:00:00+00:00,4482.8,4484.6,4480.0,4482.9
2026-08-31 17:15:00+00:00,4483.0,4486.6,4477.8,4479.8
2026-08-31 17:30:00+00:00,4479.8,4486.3,4479.1,4486.0
2026-08-31 17:45:00+00:00,4485.9,4489.7,4485.1,4485.6
2026-08-31 18:00:00+00:00,4486.0,4486.1,4479.5,4483.2
2026-08-31 18:15:00+00:00,4483.1,4484.0,4478.9,4478.9
2026-08-31 18:30:00+00:00,4478.9,4479.5,4475.5,4478.6
2026-08-31 18:45:00+00:00,4478.6,4484.0,4478.4,4480.3
2026-08-31 19:00:00+00:00,4480.7,4484.7,4478.4,4482.8
2026-08-31 19:15:00+00:00,4483.1,4491.7,4482.1,4489.8
2026-08-31 19:30:00+00:00,4489.8,4494.8,4488.4,4492.5
2026-08-31 19:45:00+00:00,4492.2,4502.7,4490.8,4502.0
2026-08-31 20:00:00+00:00,4502.3,4504.9,4499.1,4499.2
2026-08-31 20:15:00+00:00,4499.3,4499.6,4496.1,4496.5
2026-08-31 20:30:00+00:00,4496.5,4498.8,4495.9,4497.3
2026-08-31 20:45:00+00:00,4497.4,4498.9,4496.2,4497.3
2026-08-31 22:00:00+00:00,4498.7,4504.8,4496.5,4500.4
2026-08-31 22:15:00+00:00,4500.4,4500.7,4496.4,4498.6
2026-08-31 22:30:00+00:00,4498.5,4500.0,4495.9,4496.9
2026-08-31 22:45:00+00:00,4496.6,4496.9,4494.3,4495.5
2026-08-31 23:00:00+00:00,4495.8,4495.8,4492.3,4492.6
2026-08-31 23:15:00+00:00,4492.4,4492.8,4490.3,4491.9
2026-08-31 23:30:00+00:00,4492.0,4496.5,4491.6,4494.5
2026-08-31 23:45:00+00:00,4494.5,4501.0,4494.2,4501.0
2026-09-01 00:00:00+00:00,4501.3,4507.1,4495.0,4503.9
2026-09-01 00:15:00+00:00,4504.1,4510.5,4501.4,4509.2
2026-09-01 00:30:00+00:00,4509.5,4510.3,4500.7,4502.1
2026-09-01 00:45:00+00:00,4502.4,4510.4,4499.9,4502.7
2026-09-01 01:00:00+00:00,4502.6,4505.9,4494.2,4495.3
2026-09-01 01:15:00+00:00,4495.6,4496.7,4486.7,4488.6
2026-09-01 01:30:00+00:00,4488.8,4494.8,4485.2,4494.8
2026-09-01 01:45:00+00:00,4494.9,4495.6,4488.3,4493.1
2026-09-01 02:00:00+00:00,4492.9,4498.2,4490.7,4493.8
2026-09-01 02:15:00+00:00,4494.1,4497.3,4489.2,4489.2
2026-09-01 02:30:00+00:00,4489.2,4489.8,4480.7,4481.2
2026-09-01 02:45:00+00:00,4481.0,4492.6,4477.1,4492.4
2026-09-01 03:00:00+00:00,4492.7,4493.5,4487.8,4489.4
2026-09-01 03:15:00+00:00,4488.9,4489.6,4480.9,4483.5
2026-09-01 03:30:00+00:00,4483.4,4488.0,4482.6,4487.6
2026-09-01 03:45:00+00:00,4487.8,4492.4,4486.1,4487.0
2026-09-01 04:00:00+00:00,4485.7,4486.7,4478.9,4479.6
2026-09-01 04:15:00+00:00,4479.6,4482.5,4478.3,4478.5
2026-09-01 04:30:00+00:00,4478.2,4479.4,4475.2,4476.5
2026-09-01 04:45:00+00:00,4475.9,4478.2,4473.9,4475.2
2026-09-01 05:00:00+00:00,4475.4,4481.3,4474.7,4477.7
2026-09-01 05:15:00+00:00,4478.1,4479.0,4473.5,4475.2
2026-09-01 05:30:00+00:00,4474.9,4492.2,4471.9,4492.2
2026-09-01 05:45:00+00:00,4491.2,4494.7,4488.3,4489.0
2026-09-01 06:00:00+00:00,4488.5,4489.1,4480.2,4481.3
2026-09-01 06:15:00+00:00,4481.4,4483.8,4476.3,4477.6
2026-09-01 06:30:00+00:00,4477.7,4483.9,4477.0,4483.6
2026-09-01 06:45:00+00:00,4483.7,4484.1,4476.7,4478.0
2026-09-01 07:00:00+00:00,4478.1,4483.6,4477.9,4481.6
2026-09-01 07:15:00+00:00,4481.6,4482.3,4474.3,4474.5
2026-09-01 07:30:00+00:00,4474.3,4476.9,4460.5,4466.8
2026-09-01 07:45:00+00:00,4466.6,4471.9,4465.4,4468.7
2026-09-01 08:00:00+00:00,4468.6,4468.6,4438.4,4454.3
2026-09-01 08:15:00+00:00,4454.3,4454.9,4430.7,4432.0
2026-09-01 08:30:00+00:00,4432.1,4432.6,4418.5,4424.1
2026-09-01 08:45:00+00:00,4423.9,4427.0,4417.9,4419.4
2026-09-01 09:00:00+00:00,4419.4,4424.6,4414.5,4424.2
2026-09-01 09:15:00+00:00,4424.2,4426.6,4419.0,4421.4
2026-09-01 09:30:00+00:00,4421.1,4421.7,4414.2,4420.4
2026-09-01 09:45:00+00:00,4420.2,4422.5,4413.0,4413.7
2026-09-01 10:00:00+00:00,4413.7,4430.8,4413.0,4426.8
2026-09-01 10:15:00+00:00,4427.0,4434.2,4426.6,4433.3
2026-09-01 10:30:00+00:00,4433.6,4434.6,4430.2,4430.2
2026-09-01 10:45:00+00:00,4430.3,4430.3,4423.5,4426.9
2026-09-01 11:00:00+00:00,4427.0,4431.8,4424.5,4425.8
2026-09-01 11:15:00+00:00,4425.8,4430.4,4423.2,4429.2
2026-09-01 11:30:00+00:00,4429.0,4433.4,4426.9,4432.7
2026-09-01 11:45:00+00:00,4432.8,4435.7,4420.5,4422.9
2026-09-01 12:00:00+00:00,4423.0,4423.2,4415.4,4419.5
2026-09-01 12:15:00+00:00,4419.2,4424.9,4414.3,4417.1
2026-09-01 12:30:00+00:00,4416.9,4417.5,4400.4,4413.2
2026-09-01 12:45:00+00:00,4413.2,4418.5,4404.5,4404.7
2026-09-01 13:00:00+00:00,4404.6,4406.3,4374.1,4377.5
2026-09-01 13:15:00+00:00,4377.6,4392.6,4374.5,4391.1
2026-09-01 13:30:00+00:00,4391.0,4410.6,4389.2,4409.7
2026-09-01 13:45:00+00:00,4409.9,4415.9,4401.8,4413.9
2026-09-01 14:00:00+00:00,4414.2,4419.5,4401.5,4419.0
2026-09-01 14:15:00+00:00,4419.0,4424.3,4414.1,4414.4
2026-09-01 14:30:00+00:00,4414.5,4421.8,4412.6,4414.7
2026-09-01 14:45:00+00:00,4415.2,4418.7,4405.2,4408.8
2026-09-01 15:00:00+00:00,4409.1,4411.5,4403.4,4405.3
2026-09-01 15:15:00+00:00,4405.4,4414.2,4404.4,4414.2
2026-09-01 15:30:00+00:00,4414.0,4419.1,4409.8,4419.1
2026-09-01 15:45:00+00:00,4419.2,4422.7,4417.0,4421.7
2026-09-01 16:00:00+00:00,4421.6,4423.3,4410.7,4410.7
2026-09-01 16:15:00+00:00,4411.0,4414.0,4401.0,4401.3
2026-09-01 16:30:00+00:00,4401.0,4406.1,4395.4,4403.2
2026-09-01 16:45:00+00:00,4403.1,4407.5,4399.4,4399.6
2026-09-01 17:00:00+00:00,4399.8,4400.3,4392.4,4394.6
2026-09-01 17:15:00+00:00,4394.7,4398.6,4390.7,4398.5
2026-09-01 17:30:00+00:00,4398.3,4400.3,4390.9,4392.3
2026-09-01 17:45:00+00:00,4392.3,4392.7,4389.0,4391.1
2026-09-01 18:00:00+00:00,4391.3,4392.7,4382.4,4384.4
2026-09-01 18:15:00+00:00,4384.6,4389.6,4383.7,4385.4
2026-09-01 18:30:00+00:00,4385.4,4385.5,4375.9,4377.1
2026-09-01 18:45:00+00:00,4377.3,4382.2,4375.6,4379.4
2026-09-01 19:00:00+00:00,4379.1,4384.8,4376.6,4384.7
2026-09-01 19:15:00+00:00,4384.9,4385.2,4380.9,4382.0
2026-09-01 19:30:00+00:00,4382.0,4382.2,4369.7,4373.5
2026-09-01 19:45:00+00:00,4373.2,4377.4,4370.5,4374.0
2026-09-01 20:00:00+00:00,4374.1,4377.9,4370.7,4372.7
2026-09-01 20:15:00+00:00,4372.8,4376.0,4371.8,4372.9
2026-09-01 20:30:00+00:00,4373.0,4377.5,4372.1,4375.0
2026-09-01 20:45:00+00:00,4374.5,4376.7,4373.8,4375.7
2026-09-01 22:00:00+00:00,4377.2,4381.0,4374.9,4375.5
2026-09-01 22:15:00+00:00,4375.6,4375.7,4373.5,4374.1
2026-09-01 22:30:00+00:00,4374.0,4375.9,4372.7,4374.4
2026-09-01 22:45:00+00:00,4374.4,4377.4,4373.5,4375.7
2026-09-01 23:00:00+00:00,4375.7,4378.6,4373.3,4376.7
2026-09-01 23:15:00+00:00,4376.3,4377.7,4370.5,4376.7
2026-09-01 23:30:00+00:00,4377.0,4382.0,4376.6,4380.0
2026-09-01 23:45:00+00:00,4379.7,4379.9,4367.7,4370.6
2026-09-02 00:00:00+00:00,4370.7,4376.9,4361.4,4374.2
2026-09-02 00:15:00+00:00,4374.3,4380.9,4369.0,4372.0
2026-09-02 00:30:00+00:00,4371.8,4378.0,4366.4,4376.7
2026-09-02 00:45:00+00:00,4376.5,4377.8,4360.7,4362.5
2026-09-02 01:00:00+00:00,4362.1,4369.4,4350.1,4363.2
2026-09-02 01:15:00+00:00,4363.6,4373.5,4362.1,4364.0
2026-09-02 01:30:00+00:00,4364.2,4365.1,4351.6,4355.4
2026-09-02 01:45:00+00:00,4355.2,4356.4,4333.9,4338.1
2026-09-02 02:00:00+00:00,4337.8,4349.0,4334.6,4343.3
2026-09-02 02:15:00+00:00,4343.4,4353.6,4343.3,4351.7
2026-09-02 02:30:00+00:00,4352.1,4362.1,4346.7,4356.4
2026-09-02 02:45:00+00:00,4357.0,4358.3,4347.2,4350.0
2026-09-02 03:00:00+00:00,4350.0,4351.4,4343.9,4348.0
2026-09-02 03:15:00+00:00,4348.1,4349.7,4336.4,4340.7
2026-09-02 03:30:00+00:00,4340.6,4340.7,4329.2,4335.4
2026-09-02 03:45:00+00:00,4335.5,4350.7,4335.3,4348.8
2026-09-02 04:00:00+00:00,4349.9,4353.5,4348.8,4350.9
2026-09-02 04:15:00+00:00,4351.1,4352.3,4347.8,4349.4
2026-09-02 04:30:00+00:00,4349.6,4354.4,4349.1,4351.0
2026-09-02 04:45:00+00:00,4351.4,4354.2,4350.4,4353.7
2026-09-02 05:00:00+00:00,4353.9,4356.5,4350.0,4356.5
2026-09-02 05:15:00+00:00,4356.6,4360.5,4353.2,4359.7
2026-09-02 05:30:00+00:00,4359.8,4371.7,4359.7,4369.6
2026-09-02 05:45:00+00:00,4369.9,4373.1,4365.9,4366.7
2026-09-02 06:00:00+00:00,4366.8,4375.9,4364.2,4373.1
2026-09-02 06:15:00+00:00,4372.9,4375.1,4367.5,4368.9
2026-09-02 06:30:00+00:00,4369.4,4372.9,4363.0,4371.3
2026-09-02 06:45:00+00:00,4371.2,4371.4,4361.2,4368.3
2026-09-02 07:00:00+00:00,4368.4,4377.8,4365.8,4373.3
2026-09-02 07:15:00+00:00,4373.0,4375.8,4371.4,4373.7
2026-09-02 07:30:00+00:00,4373.2,4377.8,4368.5,4369.1
2026-09-02 07:45:00+00:00,4369.4,4371.7,4366.9,4369.8
2026-09-02 08:00:00+00:00,4370.1,4378.4,4368.8,4372.2
2026-09-02 08:15:00+00:00,4371.9,4374.2,4369.2,4369.6
2026-09-02 08:30:00+00:00,4369.6,4373.2,4366.0,4368.6
2026-09-02 08:45:00+00:00,4368.6,4369.3,4359.1,4359.6
2026-09-02 09:00:00+00:00,4359.6,4369.2,4359.1,4360.7
2026-09-02 09:15:00+00:00,4360.8,4362.2,4352.3,4356.1
2026-09-02 09:30:00+00:00,4356.3,4359.1,4354.6,4357.1
2026-09-02 09:45:00+00:00,4357.2,4358.7,4355.2,4355.9
2026-09-02 10:00:00+00:00,4355.9,4357.1,4349.1,4354.1
2026-09-02 10:15:00+00:00,4354.0,4359.8,4353.4,4357.1
2026-09-02 10:30:00+00:00,4357.4,4358.1,4354.3,4356.6
2026-09-02 10:45:00+00:00,4356.7,4357.7,4352.5,4356.6
2026-09-02 11:00:00+00:00,4356.3,4371.6,4354.9,4370.1
2026-09-02 11:15:00+00:00,4369.9,4370.3,4362.7,4368.8
2026-09-02 11:30:00+00:00,4369.2,4380.2,4368.7,4372.0
2026-09-02 11:45:00+00:00,4371.8,4380.1,4370.5,4379.6
2026-09-02 12:00:00+00:00,4379.5,4383.3,4375.9,4380.3
2026-09-02 12:15:00+00:00,4380.2,4391.4,4376.6,4383.3
2026-09-02 12:30:00+00:00,4383.3,4384.5,4374.4,4381.1
2026-09-02 12:45:00+00:00,4381.4,4386.0,4377.3,4378.3
2026-09-02 13:00:00+00:00,4378.3,4391.5,4377.5,4386.5
2026-09-02 13:15:00+00:00,4386.5,4405.8,4383.5,4405.5
2026-09-02 13:30:00+00:00,4405.3,4427.0,4403.8,4425.5
2026-09-02 13:45:00+00:00,4425.7,4433.5,4415.4,4433.0
2026-09-02 14:00:00+00:00,4432.9,4444.4,4426.4,4434.8
2026-09-02 14:15:00+00:00,4434.8,4444.0,4431.7,4434.3
2026-09-02 14:30:00+00:00,4434.2,4435.0,4428.4,4432.6
2026-09-02 14:45:00+00:00,4432.5,4433.9,4421.4,4424.2
2026-09-02 15:00:00+00:00,4424.1,4427.8,4419.2,4419.4
2026-09-02 15:15:00+00:00,4419.2,4420.0,4412.5,4419.5
2026-09-02 15:30:00+00:00,4419.8,4422.2,4412.8,4413.2
2026-09-02 15:45:00+00:00,4412.9,4420.6,4411.4,4419.9
2026-09-02 16:00:00+00:00,4419.7,4421.7,4415.7,4419.1
2026-09-02 16:15:00+00:00,4418.6,4419.0,4414.3,4415.2
2026-09-02 16:30:00+00:00,4415.5,4417.4,4411.1,4411.5
2026-09-02 16:45:00+00:00,4411.5,4417.5,4411.3,4415.1
2026-09-02 17:00:00+00:00,4415.2,4417.9,4414.2,4415.3
2026-09-02 17:15:00+00:00,4415.4,4416.6,4411.2,4416.6
2026-09-02 17:30:00+00:00,4416.6,4424.2,4413.2,4423.2
2026-09-02 17:45:00+00:00,4422.9,4427.4,4422.0,4423.4
2026-09-02 18:00:00+00:00,4423.7,4423.8,4416.3,4416.8
2026-09-02 18:15:00+00:00,4416.8,4426.3,4415.9,4420.0
2026-09-02 18:30:00+00:00,4419.7,4425.0,4419.0,4419.6
2026-09-02 18:45:00+00:00,4419.6,4422.5,4419.1,4420.3
2026-09-02 19:00:00+00:00,4420.8,4427.0,4418.3,4425.6
2026-09-02 19:15:00+00:00,4425.7,4429.7,4424.8,4427.6
2026-09-02 19:30:00+00:00,4427.7,4435.2,4427.6,4434.5
2026-09-02 19:45:00+00:00,4434.6,4437.9,4431.4,4437.7
2026-09-02 20:00:00+00:00,4437.4,4438.2,4432.5,4432.6
2026-09-02 20:15:00+00:00,4432.5,4434.6,4430.6,4433.2
2026-09-02 20:30:00+00:00,4433.0,4436.6,4432.5,4434.8
2026-09-02 20:45:00+00:00,4434.9,4437.7,4433.8,4434.3
2026-09-02 22:00:00+00:00,4436.4,4438.1,4434.8,4434.8
2026-09-02 22:15:00+00:00,4434.8,4435.9,4432.6,4434.8
2026-09-02 22:30:00+00:00,4434.3,4434.7,4430.3,4430.4
2026-09-02 22:45:00+00:00,4430.4,4430.5,4428.4,4429.8
2026-09-02 23:00:00+00:00,4430.2,4432.2,4429.4,4429.6
2026-09-02 23:15:00+00:00,4429.4,4429.6,4427.3,4427.7
2026-09-02 23:30:00+00:00,4427.5,4430.8,4426.7,4430.8
2026-09-02 23:45:00+00:00,4430.2,4434.4,4429.9,4431.0
2026-09-03 00:00:00+00:00,4431.2,4438.0,4429.9,4435.4
2026-09-03 00:15:00+00:00,4435.4,4435.7,4430.3,4432.5
2026-09-03 00:30:00+00:00,4432.3,4435.0,4427.8,4433.0
2026-09-03 00:45:00+00:00,4433.1,4442.9,4431.3,4440.5
2026-09-03 01:00:00+00:00,4440.8,4454.7,4432.2,4446.8
2026-09-03 01:15:00+00:00,4446.3,4448.9,4439.1,4447.1
2026-09-03 01:30:00+00:00,4446.8,4454.8,4445.4,4445.8
2026-09-03 01:45:00+00:00,4445.5,4457.6,4445.2,4455.0
2026-09-03 02:00:00+00:00,4455.2,4461.2,4454.5,4456.2
2026-09-03 02:15:00+00:00,4456.9,4458.6,4452.2,4457.1
2026-09-03 02:30:00+00:00,4457.1,4463.7,4454.8,4459.0
2026-09-03 02:45:00+00:00,4459.4,4466.2,4457.1,4466.0
2026-09-03 03:00:00+00:00,4466.0,4475.8,4464.9,4474.6
2026-09-03 03:15:00+00:00,4474.4,4477.1,4470.3,4475.1
2026-09-03 03:30:00+00:00,4475.2,4477.9,4472.4,4472.4
2026-09-03 03:45:00+00:00,4472.2,4478.2,4471.0,4477.1
2026-09-03 04:00:00+00:00,4477.3,4481.1,4470.8,4476.2
2026-09-03 04:15:00+00:00,4476.2,4482.0,4475.1,4481.8
2026-09-03 04:30:00+00:00,4481.7,4483.7,4480.5,4483.3
2026-09-03 04:45:00+00:00,4483.5,4483.9,4479.4,4483.0
2026-09-03 05:00:00+00:00,4483.1,4486.0,4474.4,4475.3
2026-09-03 05:15:00+00:00,4475.4,4476.7,4468.2,4471.0
2026-09-03 05:30:00+00:00,4470.9,4479.5,4468.3,4478.2
2026-09-03 05:45:00+00:00,4478.5,4485.3,4474.4,4477.0
2026-09-03 06:00:00+00:00,4477.0,4482.2,4471.7,4472.9
2026-09-03 06:15:00+00:00,4473.1,4476.8,4462.8,4467.5
2026-09-03 06:30:00+00:00,4467.5,4472.0,4466.3,4471.6
2026-09-03 06:45:00+00:00,4471.6,4474.7,4466.1,4466.4
2026-09-03 07:00:00+00:00,4466.0,4477.5,4464.6,4467.7
2026-09-03 07:15:00+00:00,4467.5,4475.8,4467.4,4471.9
2026-09-03 07:30:00+00:00,4471.7,4476.4,4469.3,4472.1
2026-09-03 07:45:00+00:00,4472.1,4476.8,4469.7,4474.7
2026-09-03 08:00:00+00:00,4474.5,4490.0,4473.6,4477.6
2026-09-03 08:15:00+00:00,4477.3,4485.8,4476.8,4484.6
2026-09-03 08:30:00+00:00,4484.3,4486.0,4477.5,4480.5
2026-09-03 08:45:00+00:00,4480.7,4486.3,4480.0,4481.1
2026-09-03 09:00:00+00:00,4481.3,4488.2,4480.4,4484.2
2026-09-03 09:15:00+00:00,4484.3,4484.5,4478.2,4481.5
2026-09-03 09:30:00+00:00,4481.3,4484.7,4475.9,4476.3
2026-09-03 09:45:00+00:00,4476.2,4476.9,4472.0,4473.9
2026-09-03 10:00:00+00:00,4474.1,4476.1,4469.2,4470.9
2026-09-03 10:15:00+00:00,4470.6,4472.1,4464.9,4468.7
2026-09-03 10:30:00+00:00,4468.6,4472.7,4466.2,4472.0
2026-09-03 10:45:00+00:00,4471.7,4474.8,4470.2,4473.2
2026-09-03 11:00:00+00:00,4473.1,4479.0,4471.1,4478.6
2026-09-03 11:15:00+00:00,4478.7,4484.2,4476.2,4480.4
2026-09-03 11:30:00+00:00,4480.5,4485.3,4471.9,4484.5
2026-09-03 11:45:00+00:00,4484.8,4493.4,4482.5,4490.2
2026-09-03 12:00:00+00:00,4490.0,4496.7,4487.0,4490.4
2026-09-03 12:15:00+00:00,4490.4,4495.6,4484.1,4493.3
2026-09-03 12:30:00+00:00,4493.1,4526.4,4492.9,4514.7
2026-09-03 12:45:00+00:00,4514.9,4542.6,4512.5,4540.9
2026-09-03 13:00:00+00:00,4540.9,4543.7,4532.0,4532.9
2026-09-03 13:15:00+00:00,4533.3,4535.3,4524.3,4527.6
2026-09-03 13:30:00+00:00,4527.4,4529.7,4515.0,4517.2
2026-09-03 13:45:00+00:00,4517.2,4517.7,4502.8,4517.1
2026-09-03 14:00:00+00:00,4517.1,4519.8,4502.9,4515.7
2026-09-03 14:15:00+00:00,4515.5,4527.3,4515.5,4523.6
2026-09-03 14:30:00+00:00,4523.5,4526.1,4512.4,4519.3
2026-09-03 14:45:00+00:00,4519.5,4531.9,4516.6,4531.9
2026-09-03 15:00:00+00:00,4532.0,4552.0,4530.9,4551.0
2026-09-03 15:15:00+00:00,4551.3,4558.5,4549.2,4554.1
2026-09-03 15:30:00+00:00,4554.2,4557.4,4542.4,4542.8
2026-09-03 15:45:00+00:00,4542.5,4543.1,4533.7,4540.8
2026-09-03 16:00:00+00:00,4540.7,4543.4,4535.2,4541.7
2026-09-03 16:15:00+00:00,4541.7,4542.4,4538.1,4540.7
2026-09-03 16:30:00+00:00,4541.2,4543.3,4534.3,4535.6
2026-09-03 16:45:00+00:00,4535.4,4538.7,4533.0,4533.7
2026-09-03 17:00:00+00:00,4533.9,4536.3,4530.6,4535.3
2026-09-03 17:15:00+00:00,4535.5,4541.2,4532.6,4540.4
2026-09-03 17:30:00+00:00,4540.5,4541.4,4538.4,4539.2
2026-09-03 17:45:00+00:00,4539.3,4542.0,4534.8,4535.7
2026-09-03 18:00:00+00:00,4534.6,4537.1,4531.2,4531.2
2026-09-03 18:15:00+00:00,4531.1,4535.4,4526.8,4527.1
2026-09-03 18:30:00+00:00,4527.4,4530.0,4523.1,4528.9
2026-09-03 18:45:00+00:00,4528.5,4530.0,4521.2,4522.9
2026-09-03 19:00:00+00:00,4522.8,4524.7,4520.7,4522.4
2026-09-03 19:15:00+00:00,4522.2,4524.6,4520.3,4523.5
2026-09-03 19:30:00+00:00,4523.8,4526.5,4521.7,4525.2
2026-09-03 19:45:00+00:00,4525.3,4528.7,4520.9,4522.9
2026-09-03 20:00:00+00:00,4522.7,4523.3,4518.8,4519.3
2026-09-03 20:15:00+00:00,4519.2,4520.1,4517.7,4519.0
2026-09-03 20:30:00+00:00,4519.0,4520.2,4518.4,4519.6
2026-09-03 20:45:00+00:00,4519.7,4521.5,4519.0,4520.0
2026-09-03 21:00:00+00:00,4520.3,4520.3,4520.3,4520.3
2026-09-03 22:00:00+00:00,4522.0,4525.7,4520.1,4525.5
2026-09-03 22:15:00+00:00,4525.6,4526.3,4521.2,4522.3
2026-09-03 22:30:00+00:00,4522.2,4524.1,4519.6,4520.7
2026-09-03 22:45:00+00:00,4521.4,4523.4,4518.5,4521.6
2026-09-03 23:00:00+00:00,4521.5,4524.8,4519.3,4521.3
2026-09-03 23:15:00+00:00,4521.1,4522.2,4519.0,4520.7
2026-09-03 23:30:00+00:00,4520.6,4525.3,4520.5,4524.1
2026-09-03 23:45:00+00:00,4524.0,4527.2,4521.9,4526.9
2026-09-04 00:00:00+00:00,4527.0,4529.9,4524.9,4527.1
2026-09-04 00:15:00+00:00,4527.3,4527.6,4520.5,4521.2
2026-09-04 00:30:00+00:00,4521.2,4528.6,4519.3,4528.6
2026-09-04 00:45:00+00:00,4528.7,4533.5,4527.0,4532.9
2026-09-04 01:00:00+00:00,4532.6,4533.6,4520.0,4520.9
2026-09-04 01:15:00+00:00,4520.9,4525.0,4514.1,4517.2
2026-09-04 01:30:00+00:00,4517.3,4523.2,4514.3,4520.3
2026-09-04 01:45:00+00:00,4520.0,4526.6,4513.0,4525.2
2026-09-04 02:00:00+00:00,4525.3,4528.9,4523.1,4525.4
2026-09-04 02:15:00+00:00,4525.5,4526.6,4517.4,4520.0
2026-09-04 02:30:00+00:00,4519.9,4523.4,4516.5,4516.9
2026-09-04 02:45:00+00:00,4516.8,4527.0,4516.3,4523.8
2026-09-04 03:00:00+00:00,4523.5,4525.0,4516.4,4519.6
2026-09-04 03:15:00+00:00,4519.6,4521.0,4517.6,4518.6
2026-09-04 03:30:00+00:00,4518.8,4521.6,4515.2,4515.6
2026-09-04 03:45:00+00:00,4515.4,4516.4,4513.6,4513.8
2026-09-04 04:00:00+00:00,4513.1,4516.7,4511.6,4515.4
2026-09-04 04:15:00+00:00,4515.4,4518.8,4514.6,4518.1
2026-09-04 04:30:00+00:00,4518.1,4521.1,4518.0,4520.2
2026-09-04 04:45:00+00:00,4520.3,4521.5,4519.1,4520.4
2026-09-04 05:00:00+00:00,4520.3,4521.1,4513.8,4515.7
2026-09-04 05:15:00+00:00,4515.6,4521.6,4513.7,4513.8
2026-09-04 05:30:00+00:00,4513.6,4523.9,4512.8,4517.2
2026-09-04 05:45:00+00:00,4517.1,4519.0,4513.4,4518.2
2026-09-04 06:00:00+00:00,4518.1,4519.5,4512.8,4515.0
2026-09-04 06:15:00+00:00,4514.9,4518.1,4512.9,4515.2
2026-09-04 06:30:00+00:00,4515.2,4516.1,4509.3,4510.6
2026-09-04 06:45:00+00:00,4510.6,4510.8,4506.6,4509.5
2026-09-04 07:00:00+00:00,4509.3,4518.3,4508.0,4514.7
2026-09-04 07:15:00+00:00,4514.4,4520.0,4513.5,4519.6
2026-09-04 07:30:00+00:00,4519.6,4534.4,4519.6,4532.5
2026-09-04 07:45:00+00:00,4532.7,4537.8,4528.2,4530.3
2026-09-04 08:00:00+00:00,4530.4,4533.6,4525.7,4528.9
2026-09-04 08:15:00+00:00,4528.6,4531.0,4526.4,4527.8
2026-09-04 08:30:00+00:00,4528.1,4529.3,4524.1,4524.5
2026-09-04 08:45:00+00:00,4524.1,4526.4,4521.0,4524.3
2026-09-04 09:00:00+00:00,4524.5,4525.7,4515.5,4516.6
2026-09-04 09:15:00+00:00,4516.4,4517.4,4510.0,4512.8
2026-09-04 09:30:00+00:00,4512.8,4516.5,4510.8,4513.4
2026-09-04 09:45:00+00:00,4513.5,4516.1,4511.6,4511.8
2026-09-04 10:00:00+00:00,4511.7,4519.4,4511.6,4519.0
2026-09-04 10:15:00+00:00,4518.9,4520.0,4514.4,4517.5
2026-09-04 10:30:00+00:00,4517.6,4521.5,4516.3,4519.7
2026-09-04 10:45:00+00:00,4519.9,4523.1,4518.9,4518.9
2026-09-04 11:00:00+00:00,4519.2,4519.3,4515.7,4516.5
2026-09-04 11:15:00+00:00,4516.8,4516.9,4511.5,4511.8
2026-09-04 11:30:00+00:00,4511.9,4516.5,4511.3,4514.4
2026-09-04 11:45:00+00:00,4514.2,4516.8,4510.9,4513.1
2026-09-04 12:00:00+00:00,4513.3,4516.7,4510.5,4510.9
2026-09-04 12:15:00+00:00,4510.9,4523.3,4510.7,4517.7
2026-09-04 12:30:00+00:00,4520.9,4523.5,4419.0,4440.9
2026-09-04 12:45:00+00:00,4440.6,4456.9,4426.8,4440.6
2026-09-04 13:00:00+00:00,4440.9,4441.8,4412.0,4440.7
2026-09-04 13:15:00+00:00,4440.6,4461.5,4438.1,4459.5
2026-09-04 13:30:00+00:00,4459.7,4471.1,4452.3,4470.8
2026-09-04 13:45:00+00:00,4470.6,4481.8,4459.8,4459.9
2026-09-04 14:00:00+00:00,4460.0,4482.7,4458.8,4481.9
2026-09-04 14:15:00+00:00,4481.4,4484.8,4474.1,4476.5
2026-09-04 14:30:00+00:00,4476.6,4489.4,4472.3,4476.0
2026-09-04 14:45:00+00:00,4476.1,4479.2,4464.0,4474.3
2026-09-04 15:00:00+00:00,4474.4,4490.8,4469.5,4490.3
2026-09-04 15:15:00+00:00,4490.3,4496.2,4486.8,4487.0
2026-09-04 15:30:00+00:00,4487.1,4493.7,4483.5,4490.1
2026-09-04 15:45:00+00:00,4490.1,4493.3,4482.8,4483.3
2026-09-04 16:00:00+00:00,4483.8,4487.9,4479.5,4486.2
2026-09-04 16:15:00+00:00,4486.2,4491.0,4480.7,4481.6
2026-09-04 16:30:00+00:00,4481.7,4487.2,4481.1,4485.4
2026-09-04 16:45:00+00:00,4485.6,4487.8,4482.0,4483.6
2026-09-04 17:00:00+00:00,4483.5,4483.9,4477.1,4481.2
2026-09-04 17:15:00+00:00,4481.5,4488.0,4475.0,4476.0
2026-09-04 17:30:00+00:00,4475.9,4477.3,4461.1,4464.5
2026-09-04 17:45:00+00:00,4464.5,4468.9,4462.8,4464.0
2026-09-04 18:00:00+00:00,4464.7,4467.4,4459.0,4467.1
2026-09-04 18:15:00+00:00,4467.3,4474.5,4466.9,4472.6
2026-09-04 18:30:00+00:00,4472.6,4473.9,4468.9,4470.5
2026-09-04 18:45:00+00:00,4470.3,4473.3,4469.5,4471.3
2026-09-04 19:00:00+00:00,4471.6,4477.3,4470.0,4476.5
2026-09-04 19:15:00+00:00,4476.5,4483.0,4474.1,4482.8
2026-09-04 19:30:00+00:00,4482.8,4485.6,4481.3,4483.9
2026-09-04 19:45:00+00:00,4484.2,4484.8,4479.8,4482.0
2026-09-04 20:00:00+00:00,4481.8,4482.3,4477.9,4478.8
2026-09-04 20:15:00+00:00,4478.8,4479.0,4476.6,4477.3
2026-09-04 20:30:00+00:00,4476.6,4478.0,4476.0,4477.4
2026-09-04 20:45:00+00:00,4477.6,4478.5,4475.6,4477.2
